{"type":"FeatureCollection","crs": { "type": "name", "properties": { "name": "urn:ogc:def:crs:EPSG::4326" } },"features":[{"type":"Feature","properties":{"ID_CURM":"000000000","CVEOPERORI":"000000000","CVEGEO":"190390042388A800","CVE_ENT":"19","CVE_MUN":"039","CVE_LOC":"0042","CVE_AGEB":"388A","CVE_MZA":"800","NOMGEO":"Santa Cruz","PLANO":"N","CVEOPER":"","ID_MZA":"2ffaafe9-5aef-4c61-a4d7-72792d1bc68c"},"geometry":{"type":"MultiPoint","coordinates":[[-100.23576694400097,25.50610972211554]]}},{"type":"Feature","properties":{"ID_CURM":"000000000","CVEOPERORI":"000000000","CVEGEO":"1904901460078800","CVE_ENT":"19","CVE_MUN":"049","CVE_LOC":"0146","CVE_AGEB":"0078","CVE_MZA":"800","NOMGEO":"Rodolfo Martínez Lozano","PLANO":"N","CVEOPER":"","ID_MZA":"39a992a7-2f08-48c8-a258-a2570b4b882c"},"geometry":{"type":"MultiPoint","coordinates":[[-100.07125555607053,25.445608333073647]]}},{"type":"Feature","properties":{"ID_CURM":"000000000","CVEOPERORI":"000000000","CVEGEO":"1904902660364800","CVE_ENT":"19","CVE_MUN":"049","CVE_LOC":"0266","CVE_AGEB":"0364","CVE_MZA":"800","NOMGEO":"La Ilusión","PLANO":"N","CVEOPER":"","ID_MZA":"4256793d-0db9-477b-966e-445296e4ecd8"},"geometry":{"type":"MultiPoint","coordinates":[[-100.20559972232252,25.513002222356576]]}},{"type":"Feature","properties":{"ID_CURM":"000000000","CVEOPERORI":"000000000","CVEGEO":"190490169035A800","CVE_ENT":"19","CVE_MUN":"049","CVE_LOC":"0169","CVE_AGEB":"035A","CVE_MZA":"800","NOMGEO":"La Chiquita","PLANO":"N","CVEOPER":"","ID_MZA":"4438904c-4574-4b91-ac3a-42d069ac9b08"},"geometry":{"type":"MultiPoint","coordinates":[[-100.10283249979021,25.491416667099838]]}},{"type":"Feature","properties":{"ID_CURM":"000000000","CVEOPERORI":"000000000","CVEGEO":"190390052388A800","CVE_ENT":"19","CVE_MUN":"039","CVE_LOC":"0052","CVE_AGEB":"388A","CVE_MZA":"800","NOMGEO":"El Castaño","PLANO":"N","CVEOPER":"","ID_MZA":"6ac59f09-5a73-4568-a1ad-497a178a3aa3"},"geometry":{"type":"MultiPoint","coordinates":[[-100.25131166728262,25.533589166975453]]}},{"type":"Feature","properties":{"ID_CURM":"000000000","CVEOPERORI":"000000000","CVEGEO":"1904902000364800","CVE_ENT":"19","CVE_MUN":"049","CVE_LOC":"0200","CVE_AGEB":"0364","CVE_MZA":"800","NOMGEO":"Casa Blanca","PLANO":"N","CVEOPER":"","ID_MZA":"87380360-0cda-46f9-96d4-82316571b7d6"},"geometry":{"type":"MultiPoint","coordinates":[[-100.21617416657766,25.464210556042254]]}},{"type":"Feature","properties":{"ID_CURM":"000000000","CVEOPERORI":"000000000","CVEGEO":"190390036388A800","CVE_ENT":"19","CVE_MUN":"039","CVE_LOC":"0036","CVE_AGEB":"388A","CVE_MZA":"800","NOMGEO":"El Arroyo","PLANO":"N","CVEOPER":"","ID_MZA":"92e652fd-8690-4cd2-946b-4734952cd2bf"},"geometry":{"type":"MultiPoint","coordinates":[[-100.28639777751313,25.585473333105433]]}},{"type":"Feature","properties":{"ID_CURM":"000000000","CVEOPERORI":"000000000","CVEGEO":"190390041388A800","CVE_ENT":"19","CVE_MUN":"039","CVE_LOC":"0041","CVE_AGEB":"388A","CVE_MZA":"800","NOMGEO":"El Castaño","PLANO":"N","CVEOPER":"","ID_MZA":"c2b3615b-6187-4ade-940c-5f17e19b76df"},"geometry":{"type":"MultiPoint","coordinates":[[-100.26008222192158,25.52777833365634]]}},{"type":"Feature","properties":{"ID_CURM":"000000000","CVEOPERORI":"000000000","CVEGEO":"1904902040364800","CVE_ENT":"19","CVE_MUN":"049","CVE_LOC":"0204","CVE_AGEB":"0364","CVE_MZA":"800","NOMGEO":"Ninguno","PLANO":"N","CVEOPER":"","ID_MZA":"c59d0b61-2057-4cf8-b218-b50079ed5345"},"geometry":{"type":"MultiPoint","coordinates":[[-100.21637277783564,25.463272222531597]]}},{"type":"Feature","properties":{"ID_CURM":"000000000","CVEOPERORI":"000000000","CVEGEO":"1904902870364800","CVE_ENT":"19","CVE_MUN":"049","CVE_LOC":"0287","CVE_AGEB":"0364","CVE_MZA":"800","NOMGEO":"Momentos de la Vida","PLANO":"C","CVEOPER":"","ID_MZA":"de6daa68-bc5b-433c-a9cf-9ff0fb759d51"},"geometry":{"type":"MultiPoint","coordinates":[[-100.20280444370948,25.47151722216803]]}},{"type":"Feature","properties":{"ID_CURM":"000000000","CVEOPERORI":"000000000","CVEGEO":"1903900463254800","CVE_ENT":"19","CVE_MUN":"039","CVE_LOC":"0046","CVE_AGEB":"3254","CVE_MZA":"800","NOMGEO":"Cañadas del Sur","PLANO":"C","CVEOPER":"","ID_MZA":"e0f9fba8-6013-44ce-aa87-74cce0199f8c"},"geometry":{"type":"MultiPoint","coordinates":[[-100.28580916747869,25.5952736107319]]}}]}