{"type":"FeatureCollection","crs": { "type": "name", "properties": { "name": "urn:ogc:def:crs:EPSG::4326" } },"features":[{"type":"Feature","properties":{"ID_CURM":"000000000","CVEOPERORI":"000000000","CVEGEO":"0300329992676800","CVE_ENT":"03","CVE_MUN":"003","CVE_LOC":"2999","CVE_AGEB":"2676","CVE_MZA":"800","NOMGEO":"San Judas Tadeo","PLANO":"N","CVEOPER":"","ID_MZA":"015141af-d7c4-407b-97fc-91460011213b"},"geometry":{"type":"MultiPoint","coordinates":[[-110.1429766673252,23.863961666880634]]}},{"type":"Feature","properties":{"ID_CURM":"000000000","CVEOPERORI":"000000000","CVEGEO":"0300331532888800","CVE_ENT":"03","CVE_MUN":"003","CVE_LOC":"3153","CVE_AGEB":"2888","CVE_MZA":"800","NOMGEO":"San Vicente","PLANO":"N","CVEOPER":"","ID_MZA":"017c198e-4410-49fa-b19c-e2a31a45aaed"},"geometry":{"type":"MultiPoint","coordinates":[[-109.98267555632987,23.1838708337314]]}},{"type":"Feature","properties":{"ID_CURM":"000000000","CVEOPERORI":"000000000","CVEGEO":"0300806050534800","CVE_ENT":"03","CVE_MUN":"008","CVE_LOC":"0605","CVE_AGEB":"0534","CVE_MZA":"800","NOMGEO":"Rancho Don Martín","PLANO":"N","CVEOPER":"","ID_MZA":"055ae83c-a919-495a-9c4f-254a800d83ee"},"geometry":{"type":"MultiPoint","coordinates":[[-109.57150111068017,23.58730388880021]]}},{"type":"Feature","properties":{"ID_CURM":"000000000","CVEOPERORI":"000000000","CVEGEO":"0300316092888800","CVE_ENT":"03","CVE_MUN":"003","CVE_LOC":"1609","CVE_AGEB":"2888","CVE_MZA":"800","NOMGEO":"San Pedro de la Soledad","PLANO":"N","CVEOPER":"","ID_MZA":"06919ae7-b55d-46bc-9dbe-824ed235d1a3"},"geometry":{"type":"MultiPoint","coordinates":[[-109.97242444358506,23.243043611352114]]}},{"type":"Feature","properties":{"ID_CURM":"000000000","CVEOPERORI":"000000000","CVEGEO":"0300324622799800","CVE_ENT":"03","CVE_MUN":"003","CVE_LOC":"2462","CVE_AGEB":"2799","CVE_MZA":"800","NOMGEO":"El Ancón","PLANO":"N","CVEOPER":"","ID_MZA":"08ef735d-6054-4a23-8b9f-153d2f13c0c7"},"geometry":{"type":"MultiPoint","coordinates":[[-110.2929311110787,23.64852249965369]]}},{"type":"Feature","properties":{"ID_CURM":"000000000","CVEOPERORI":"000000000","CVEGEO":"0300319842676800","CVE_ENT":"03","CVE_MUN":"003","CVE_LOC":"1984","CVE_AGEB":"2676","CVE_MZA":"800","NOMGEO":"El Venero","PLANO":"N","CVEOPER":"","ID_MZA":"09258acd-05dc-439c-a78d-1363a5eec158"},"geometry":{"type":"MultiPoint","coordinates":[[-110.07097277778205,23.912574999964967]]}},{"type":"Feature","properties":{"ID_CURM":"000000000","CVEOPERORI":"000000000","CVEGEO":"0300803510572800","CVE_ENT":"03","CVE_MUN":"008","CVE_LOC":"0351","CVE_AGEB":"0572","CVE_MZA":"800","NOMGEO":"La Misión","PLANO":"C","CVEOPER":"","ID_MZA":"0d3b665d-69aa-4629-a49b-4827020a104d"},"geometry":{"type":"MultiPoint","coordinates":[[-109.69939888883157,23.50324361140804]]}},{"type":"Feature","properties":{"ID_CURM":"000000000","CVEOPERORI":"000000000","CVEGEO":"0300323812888800","CVE_ENT":"03","CVE_MUN":"003","CVE_LOC":"2381","CVE_AGEB":"2888","CVE_MZA":"800","NOMGEO":"El Pilar","PLANO":"N","CVEOPER":"","ID_MZA":"0fc91267-b934-42d6-bd3b-00ba6daa806f"},"geometry":{"type":"MultiPoint","coordinates":[[-110.15467388932805,23.26407861085981]]}},{"type":"Feature","properties":{"ID_CURM":"000000000","CVEOPERORI":"000000000","CVEGEO":"0300306582676800","CVE_ENT":"03","CVE_MUN":"003","CVE_LOC":"0658","CVE_AGEB":"2676","CVE_MZA":"800","NOMGEO":"El Palo de Arco","PLANO":"N","CVEOPER":"","ID_MZA":"115f550e-da0e-4f2c-8e8e-ab9174844a3b"},"geometry":{"type":"MultiPoint","coordinates":[[-110.14000194365936,23.877842222336607]]}},{"type":"Feature","properties":{"ID_CURM":"000000000","CVEOPERORI":"000000000","CVEGEO":"0300326492680800","CVE_ENT":"03","CVE_MUN":"003","CVE_LOC":"2649","CVE_AGEB":"2680","CVE_MZA":"800","NOMGEO":"Los Cascabeles","PLANO":"N","CVEOPER":"","ID_MZA":"16d83964-eac0-4d52-a09c-f46e1fe46d59"},"geometry":{"type":"MultiPoint","coordinates":[[-110.01728750031296,23.769315277698006]]}},{"type":"Feature","properties":{"ID_CURM":"000000000","CVEOPERORI":"000000000","CVEGEO":"0300324982799800","CVE_ENT":"03","CVE_MUN":"003","CVE_LOC":"2498","CVE_AGEB":"2799","CVE_MZA":"800","NOMGEO":"Ninguno","PLANO":"N","CVEOPER":"","ID_MZA":"1a2d504c-2c70-43a2-a891-fba011078a3c"},"geometry":{"type":"MultiPoint","coordinates":[[-110.3185161105713,23.555748611322436]]}},{"type":"Feature","properties":{"ID_CURM":"000000000","CVEOPERORI":"000000000","CVEGEO":"0300332672799800","CVE_ENT":"03","CVE_MUN":"003","CVE_LOC":"3267","CVE_AGEB":"2799","CVE_MZA":"800","NOMGEO":"San Juditas","PLANO":"N","CVEOPER":"","ID_MZA":"1d23e3f0-e003-4181-ba57-bd79d21c5c0a"},"geometry":{"type":"MultiPoint","coordinates":[[-110.21329277789718,23.642636388767325]]}},{"type":"Feature","properties":{"ID_CURM":"000000000","CVEOPERORI":"000000000","CVEGEO":"0300306542765800","CVE_ENT":"03","CVE_MUN":"003","CVE_LOC":"0654","CVE_AGEB":"2765","CVE_MZA":"800","NOMGEO":"La Palmillita","PLANO":"N","CVEOPER":"","ID_MZA":"1d8f3ac1-12dd-4012-a2e6-af1059787d2b"},"geometry":{"type":"MultiPoint","coordinates":[[-109.87489611101954,23.795396389147758]]}},{"type":"Feature","properties":{"ID_CURM":"000000000","CVEOPERORI":"000000000","CVEGEO":"0300306892888800","CVE_ENT":"03","CVE_MUN":"003","CVE_LOC":"0689","CVE_AGEB":"2888","CVE_MZA":"800","NOMGEO":"Las Piedritas","PLANO":"N","CVEOPER":"","ID_MZA":"1dcc16f6-81a9-4b75-bd22-2c3e7fccccf0"},"geometry":{"type":"MultiPoint","coordinates":[[-110.13899805555802,23.203383333082062]]}},{"type":"Feature","properties":{"ID_CURM":"000000000","CVEOPERORI":"000000000","CVEGEO":"0300326042873800","CVE_ENT":"03","CVE_MUN":"003","CVE_LOC":"2604","CVE_AGEB":"2873","CVE_MZA":"800","NOMGEO":"Boca del Refugio","PLANO":"N","CVEOPER":"","ID_MZA":"1ddb7f5d-8ae9-4cef-a12f-27188be8c1da"},"geometry":{"type":"MultiPoint","coordinates":[[-110.15107472172647,23.265293333033405]]}},{"type":"Feature","properties":{"ID_CURM":"000000000","CVEOPERORI":"000000000","CVEGEO":"0300303292816800","CVE_ENT":"03","CVE_MUN":"003","CVE_LOC":"0329","CVE_AGEB":"2816","CVE_MZA":"800","NOMGEO":"La Victoria","PLANO":"N","CVEOPER":"","ID_MZA":"20cd1dad-6b88-469b-9d76-52c6090be2b8"},"geometry":{"type":"MultiPoint","coordinates":[[-109.91261027764334,23.605488611516243]]}},{"type":"Feature","properties":{"ID_CURM":"000000000","CVEOPERORI":"000000000","CVEGEO":"0300328382765800","CVE_ENT":"03","CVE_MUN":"003","CVE_LOC":"2838","CVE_AGEB":"2765","CVE_MZA":"800","NOMGEO":"El Manchón","PLANO":"N","CVEOPER":"","ID_MZA":"237c7a46-af87-442a-8c67-25be332e1c38"},"geometry":{"type":"MultiPoint","coordinates":[[-109.82453527833687,23.719755278062802]]}},{"type":"Feature","properties":{"ID_CURM":"000000000","CVEOPERORI":"000000000","CVEGEO":"0300318712816800","CVE_ENT":"03","CVE_MUN":"003","CVE_LOC":"1871","CVE_AGEB":"2816","CVE_MZA":"800","NOMGEO":"La Palmilla","PLANO":"N","CVEOPER":"","ID_MZA":"244f6608-5cf8-417a-9ad7-a59366e8ff63"},"geometry":{"type":"MultiPoint","coordinates":[[-110.04168666681527,23.663609166338862]]}},{"type":"Feature","properties":{"ID_CURM":"000000000","CVEOPERORI":"000000000","CVEGEO":"0300328242799800","CVE_ENT":"03","CVE_MUN":"003","CVE_LOC":"2824","CVE_AGEB":"2799","CVE_MZA":"800","NOMGEO":"El Fresno","PLANO":"N","CVEOPER":"","ID_MZA":"2530de28-eaa5-4375-8eca-f462e07d6550"},"geometry":{"type":"MultiPoint","coordinates":[[-110.20950222185131,23.64739055582894]]}},{"type":"Feature","properties":{"ID_CURM":"000000000","CVEOPERORI":"000000000","CVEGEO":"030032301284A800","CVE_ENT":"03","CVE_MUN":"003","CVE_LOC":"2301","CVE_AGEB":"284A","CVE_MZA":"800","NOMGEO":"La Rueda","PLANO":"N","CVEOPER":"","ID_MZA":"294bfb9e-7c82-49e7-b053-37ec96fc2d62"},"geometry":{"type":"MultiPoint","coordinates":[[-110.02303611083043,23.50765777797806]]}},{"type":"Feature","properties":{"ID_CURM":"000000000","CVEOPERORI":"000000000","CVEGEO":"0300803110568800","CVE_ENT":"03","CVE_MUN":"008","CVE_LOC":"0311","CVE_AGEB":"0568","CVE_MZA":"800","NOMGEO":"El Zacatal Dos","PLANO":"C","CVEOPER":"","ID_MZA":"2b6b0dba-ade4-4e13-9cc8-0db1d2dc98da"},"geometry":{"type":"MultiPoint","coordinates":[[-109.74211194393192,23.46773222210984]]}},{"type":"Feature","properties":{"ID_CURM":"000000000","CVEOPERORI":"000000000","CVEGEO":"0300324182835800","CVE_ENT":"03","CVE_MUN":"003","CVE_LOC":"2418","CVE_AGEB":"2835","CVE_MZA":"800","NOMGEO":"Santa Inés","PLANO":"N","CVEOPER":"","ID_MZA":"2d93abfc-080b-4e1f-94b2-c3e2038ac90c"},"geometry":{"type":"MultiPoint","coordinates":[[-110.15464638904758,23.541223610757985]]}},{"type":"Feature","properties":{"ID_CURM":"000000000","CVEOPERORI":"000000000","CVEGEO":"030030190277A800","CVE_ENT":"03","CVE_MUN":"003","CVE_LOC":"0190","CVE_AGEB":"277A","CVE_MZA":"800","NOMGEO":"La Palmilla","PLANO":"N","CVEOPER":"","ID_MZA":"31b6d39e-4b71-4848-83a2-47eb8c97ab18"},"geometry":{"type":"MultiPoint","coordinates":[[-109.86157416702883,23.701721389334065]]}},{"type":"Feature","properties":{"ID_CURM":"000000000","CVEOPERORI":"000000000","CVEGEO":"0300803990534800","CVE_ENT":"03","CVE_MUN":"008","CVE_LOC":"0399","CVE_AGEB":"0534","CVE_MZA":"800","NOMGEO":"El Encinal","PLANO":"N","CVEOPER":"","ID_MZA":"34eaee9f-ea72-4283-b5e8-847e573ccd89"},"geometry":{"type":"MultiPoint","coordinates":[[-109.61562555626749,23.495984443955106]]}},{"type":"Feature","properties":{"ID_CURM":"000000000","CVEOPERORI":"000000000","CVEGEO":"0300300662642800","CVE_ENT":"03","CVE_MUN":"003","CVE_LOC":"0066","CVE_AGEB":"2642","CVE_MZA":"800","NOMGEO":"Las Breyitas","PLANO":"N","CVEOPER":"","ID_MZA":"360eb3bd-a412-49aa-95bb-c32a103d43e3"},"geometry":{"type":"MultiPoint","coordinates":[[-110.31585277755823,23.82812777758625]]}},{"type":"Feature","properties":{"ID_CURM":"000000000","CVEOPERORI":"000000000","CVEGEO":"0300316892638800","CVE_ENT":"03","CVE_MUN":"003","CVE_LOC":"1689","CVE_AGEB":"2638","CVE_MZA":"800","NOMGEO":"Santa Martha","PLANO":"N","CVEOPER":"","ID_MZA":"387d2773-3b3f-40c7-afd0-8f07b77ed00c"},"geometry":{"type":"MultiPoint","coordinates":[[-110.45919416654608,23.680502777793798]]}},{"type":"Feature","properties":{"ID_CURM":"000000000","CVEOPERORI":"000000000","CVEGEO":"0300323392888800","CVE_ENT":"03","CVE_MUN":"003","CVE_LOC":"2339","CVE_AGEB":"2888","CVE_MZA":"800","NOMGEO":"Punta Pelícanos","PLANO":"N","CVEOPER":"","ID_MZA":"3bec8980-bb98-45cf-a987-3e5f69b79e48"},"geometry":{"type":"MultiPoint","coordinates":[[-110.13817861136074,23.19381638872549]]}},{"type":"Feature","properties":{"ID_CURM":"000000000","CVEOPERORI":"000000000","CVEGEO":"0300323612657800","CVE_ENT":"03","CVE_MUN":"003","CVE_LOC":"2361","CVE_AGEB":"2657","CVE_MZA":"800","NOMGEO":"El Molino","PLANO":"N","CVEOPER":"","ID_MZA":"416f28be-d0ff-43d6-ab5e-c95838e32e50"},"geometry":{"type":"MultiPoint","coordinates":[[-110.31093583275793,23.75689833301555]]}},{"type":"Feature","properties":{"ID_CURM":"000000000","CVEOPERORI":"000000000","CVEGEO":"0300324102892800","CVE_ENT":"03","CVE_MUN":"003","CVE_LOC":"2410","CVE_AGEB":"2892","CVE_MZA":"800","NOMGEO":"Ninguno [Manuel Avilés]","PLANO":"N","CVEOPER":"","ID_MZA":"42f09ab4-fcf1-4563-a4f7-a47f26a075b4"},"geometry":{"type":"MultiPoint","coordinates":[[-110.12902527834474,23.146101944620696]]}},{"type":"Feature","properties":{"ID_CURM":"000000000","CVEOPERORI":"000000000","CVEGEO":"0300328152676800","CVE_ENT":"03","CVE_MUN":"003","CVE_LOC":"2815","CVE_AGEB":"2676","CVE_MZA":"800","NOMGEO":"Altamira","PLANO":"N","CVEOPER":"","ID_MZA":"43c8f41d-e826-43fb-9f9d-dbae58d6e60e"},"geometry":{"type":"MultiPoint","coordinates":[[-110.1399094436881,23.862228055895102]]}},{"type":"Feature","properties":{"ID_CURM":"000000000","CVEOPERORI":"000000000","CVEGEO":"0300321012799800","CVE_ENT":"03","CVE_MUN":"003","CVE_LOC":"2101","CVE_AGEB":"2799","CVE_MZA":"800","NOMGEO":"El Vergel","PLANO":"N","CVEOPER":"","ID_MZA":"4578c4c9-d117-4c70-819d-caf81a1dcf76"},"geometry":{"type":"MultiPoint","coordinates":[[-110.25679777847127,23.627781111266994]]}},{"type":"Feature","properties":{"ID_CURM":"000000000","CVEOPERORI":"000000000","CVEGEO":"0300332772731800","CVE_ENT":"03","CVE_MUN":"003","CVE_LOC":"3277","CVE_AGEB":"2731","CVE_MZA":"800","NOMGEO":"El Paraje","PLANO":"N","CVEOPER":"","ID_MZA":"45a390b1-3bd5-45d6-a0c9-4735a43fa7c7"},"geometry":{"type":"MultiPoint","coordinates":[[-110.13537499983342,23.78009416651415]]}},{"type":"Feature","properties":{"ID_CURM":"000000000","CVEOPERORI":"000000000","CVEGEO":"0300319182676800","CVE_ENT":"03","CVE_MUN":"003","CVE_LOC":"1918","CVE_AGEB":"2676","CVE_MZA":"800","NOMGEO":"El Rodeíto","PLANO":"N","CVEOPER":"","ID_MZA":"4bb2030b-c225-4141-a59c-34dc37baf0bd"},"geometry":{"type":"MultiPoint","coordinates":[[-110.2118847221818,23.90672777778397]]}},{"type":"Feature","properties":{"ID_CURM":"000000000","CVEOPERORI":"000000000","CVEGEO":"0300332502657800","CVE_ENT":"03","CVE_MUN":"003","CVE_LOC":"3250","CVE_AGEB":"2657","CVE_MZA":"800","NOMGEO":"San Francisco","PLANO":"N","CVEOPER":"","ID_MZA":"52c34a1f-e175-4d8a-abc4-e150f3fe1fec"},"geometry":{"type":"MultiPoint","coordinates":[[-110.28746472166766,23.779426667136182]]}},{"type":"Feature","properties":{"ID_CURM":"000000000","CVEOPERORI":"000000000","CVEGEO":"0300324702816800","CVE_ENT":"03","CVE_MUN":"003","CVE_LOC":"2470","CVE_AGEB":"2816","CVE_MZA":"800","NOMGEO":"Los Huérivos","PLANO":"N","CVEOPER":"","ID_MZA":"530d1931-84f1-440c-ac66-bf2d40b07c98"},"geometry":{"type":"MultiPoint","coordinates":[[-110.04934361068993,23.661195000011663]]}},{"type":"Feature","properties":{"ID_CURM":"000000000","CVEOPERORI":"000000000","CVEGEO":"0300310392676800","CVE_ENT":"03","CVE_MUN":"003","CVE_LOC":"1039","CVE_AGEB":"2676","CVE_MZA":"800","NOMGEO":"El Ciruelito","PLANO":"N","CVEOPER":"","ID_MZA":"589cb6ee-3c57-4e51-9cc6-ee408a4de9ec"},"geometry":{"type":"MultiPoint","coordinates":[[-110.11313388894388,23.87747000014717]]}},{"type":"Feature","properties":{"ID_CURM":"000000000","CVEOPERORI":"000000000","CVEGEO":"0300324952657800","CVE_ENT":"03","CVE_MUN":"003","CVE_LOC":"2495","CVE_AGEB":"2657","CVE_MZA":"800","NOMGEO":"Rancho Roxana","PLANO":"N","CVEOPER":"","ID_MZA":"5ca9f4e6-f3b4-472a-a484-d33c73f9682a"},"geometry":{"type":"MultiPoint","coordinates":[[-110.28511249980872,23.800746666963544]]}},{"type":"Feature","properties":{"ID_CURM":"000000000","CVEOPERORI":"000000000","CVEGEO":"0300308092727800","CVE_ENT":"03","CVE_MUN":"003","CVE_LOC":"0809","CVE_AGEB":"2727","CVE_MZA":"800","NOMGEO":"San Martín","PLANO":"N","CVEOPER":"","ID_MZA":"5f6b77fd-af17-4ce3-a7a4-128d8a36dcbd"},"geometry":{"type":"MultiPoint","coordinates":[[-110.2622174999029,23.706204999785026]]}},{"type":"Feature","properties":{"ID_CURM":"000000000","CVEOPERORI":"000000000","CVEGEO":"0300327682680800","CVE_ENT":"03","CVE_MUN":"003","CVE_LOC":"2768","CVE_AGEB":"2680","CVE_MZA":"800","NOMGEO":"La Puerta Azul","PLANO":"N","CVEOPER":"","ID_MZA":"602e1aaa-767f-42d4-9f4d-8d7f92acf0a9"},"geometry":{"type":"MultiPoint","coordinates":[[-110.08000222183946,23.798356944493264]]}},{"type":"Feature","properties":{"ID_CURM":"000000000","CVEOPERORI":"000000000","CVEGEO":"0300314402869800","CVE_ENT":"03","CVE_MUN":"003","CVE_LOC":"1440","CVE_AGEB":"2869","CVE_MZA":"800","NOMGEO":"El Chapil","PLANO":"C","CVEOPER":"","ID_MZA":"65415cd3-ec95-4adc-bb0d-8cb302ebe604"},"geometry":{"type":"MultiPoint","coordinates":[[-110.18786944402973,23.36494166678785]]}},{"type":"Feature","properties":{"ID_CURM":"000000000","CVEOPERORI":"000000000","CVEGEO":"0300306732816800","CVE_ENT":"03","CVE_MUN":"003","CVE_LOC":"0673","CVE_AGEB":"2816","CVE_MZA":"800","NOMGEO":"Los Paderones","PLANO":"N","CVEOPER":"","ID_MZA":"678e62ba-1b9a-4e9d-9e67-b9bc04a9a83a"},"geometry":{"type":"MultiPoint","coordinates":[[-109.89894527841287,23.643035278002994]]}},{"type":"Feature","properties":{"ID_CURM":"000000000","CVEOPERORI":"000000000","CVEGEO":"0300306392572800","CVE_ENT":"03","CVE_MUN":"003","CVE_LOC":"0639","CVE_AGEB":"2572","CVE_MZA":"800","NOMGEO":"La Palma Uno","PLANO":"N","CVEOPER":"","ID_MZA":"6a5097e6-6cc9-43c1-8d34-1cffbd3bc511"},"geometry":{"type":"MultiPoint","coordinates":[[-110.22555388881446,23.96920972208624]]}},{"type":"Feature","properties":{"ID_CURM":"000000000","CVEOPERORI":"000000000","CVEGEO":"0300306952801800","CVE_ENT":"03","CVE_MUN":"003","CVE_LOC":"0695","CVE_AGEB":"2801","CVE_MZA":"800","NOMGEO":"El Pintado","PLANO":"N","CVEOPER":"","ID_MZA":"6c47ac23-d678-4d8a-ac44-8ce17ec3b392"},"geometry":{"type":"MultiPoint","coordinates":[[-110.11476499953129,23.620238333218374]]}},{"type":"Feature","properties":{"ID_CURM":"000000000","CVEOPERORI":"000000000","CVEGEO":"0300313842869800","CVE_ENT":"03","CVE_MUN":"003","CVE_LOC":"1384","CVE_AGEB":"2869","CVE_MZA":"800","NOMGEO":"El Trampuchete","PLANO":"N","CVEOPER":"","ID_MZA":"6d7bf29b-837d-4cab-a6ce-4d101ac4abc8"},"geometry":{"type":"MultiPoint","coordinates":[[-110.18230499954326,23.377901666899778]]}},{"type":"Feature","properties":{"ID_CURM":"000000000","CVEOPERORI":"000000000","CVEGEO":"0300331122708800","CVE_ENT":"03","CVE_MUN":"003","CVE_LOC":"3112","CVE_AGEB":"2708","CVE_MZA":"800","NOMGEO":"Las Manitas","PLANO":"N","CVEOPER":"","ID_MZA":"6ebd5437-3c50-47ae-a47e-638436269201"},"geometry":{"type":"MultiPoint","coordinates":[[-109.81488305614742,23.870078611441034]]}},{"type":"Feature","properties":{"ID_CURM":"000000000","CVEOPERORI":"000000000","CVEGEO":"0300316272801800","CVE_ENT":"03","CVE_MUN":"003","CVE_LOC":"1627","CVE_AGEB":"2801","CVE_MZA":"800","NOMGEO":"Santa Teresa de la Soledad","PLANO":"N","CVEOPER":"","ID_MZA":"70622562-89e4-4dd6-a567-68a8ab555333"},"geometry":{"type":"MultiPoint","coordinates":[[-110.19831416653378,23.66458888877773]]}},{"type":"Feature","properties":{"ID_CURM":"000000000","CVEOPERORI":"000000000","CVEGEO":"0300303402746800","CVE_ENT":"03","CVE_MUN":"003","CVE_LOC":"0340","CVE_AGEB":"2746","CVE_MZA":"800","NOMGEO":"El Agua de Enmedio","PLANO":"N","CVEOPER":"","ID_MZA":"73aa274a-7af7-4e6d-a34a-10b2ae5c9eeb"},"geometry":{"type":"MultiPoint","coordinates":[[-110.0862486106717,23.690578332939445]]}},{"type":"Feature","properties":{"ID_CURM":"000000000","CVEOPERORI":"000000000","CVEGEO":"0300323242888800","CVE_ENT":"03","CVE_MUN":"003","CVE_LOC":"2324","CVE_AGEB":"2888","CVE_MZA":"800","NOMGEO":"Piedras Moras","PLANO":"N","CVEOPER":"","ID_MZA":"768012d9-8abb-463a-b096-8c23fb4ad75b"},"geometry":{"type":"MultiPoint","coordinates":[[-110.01604222224483,23.24911777749617]]}},{"type":"Feature","properties":{"ID_CURM":"000000000","CVEOPERORI":"000000000","CVEGEO":"0300318442888800","CVE_ENT":"03","CVE_MUN":"003","CVE_LOC":"1844","CVE_AGEB":"2888","CVE_MZA":"800","NOMGEO":"Mar Azul (San Patricio)","PLANO":"N","CVEOPER":"","ID_MZA":"78f8d767-6a3c-417c-9b15-e4e8dd1de3b8"},"geometry":{"type":"MultiPoint","coordinates":[[-110.13819194379145,23.193383333232667]]}},{"type":"Feature","properties":{"ID_CURM":"000000000","CVEOPERORI":"000000000","CVEGEO":"0300326702869800","CVE_ENT":"03","CVE_MUN":"003","CVE_LOC":"2670","CVE_AGEB":"2869","CVE_MZA":"800","NOMGEO":"El Desmonte","PLANO":"N","CVEOPER":"","ID_MZA":"7999479a-0550-4326-af00-2859b2e5ec19"},"geometry":{"type":"MultiPoint","coordinates":[[-110.17549000023831,23.362470555278176]]}},{"type":"Feature","properties":{"ID_CURM":"000000000","CVEOPERORI":"000000000","CVEGEO":"0300303452676800","CVE_ENT":"03","CVE_MUN":"003","CVE_LOC":"0345","CVE_AGEB":"2676","CVE_MZA":"800","NOMGEO":"El Agua de López","PLANO":"C","CVEOPER":"","ID_MZA":"7e1a64fe-6d13-4cf3-a827-35c6e6a29490"},"geometry":{"type":"MultiPoint","coordinates":[[-110.11703777811645,23.888463333593908]]}},{"type":"Feature","properties":{"ID_CURM":"000000000","CVEOPERORI":"000000000","CVEGEO":"0300315432746800","CVE_ENT":"03","CVE_MUN":"003","CVE_LOC":"1543","CVE_AGEB":"2746","CVE_MZA":"800","NOMGEO":"Los Potrerillos","PLANO":"N","CVEOPER":"","ID_MZA":"80f5bf3d-3dc2-428c-a82f-521936da8106"},"geometry":{"type":"MultiPoint","coordinates":[[-110.01058361135085,23.687554166968116]]}},{"type":"Feature","properties":{"ID_CURM":"000000000","CVEOPERORI":"000000000","CVEGEO":"0300322602731800","CVE_ENT":"03","CVE_MUN":"003","CVE_LOC":"2260","CVE_AGEB":"2731","CVE_MZA":"800","NOMGEO":"El Triunfito","PLANO":"N","CVEOPER":"","ID_MZA":"80fa4d9a-6edd-4fa4-8fc4-7ca41b4339e3"},"geometry":{"type":"MultiPoint","coordinates":[[-110.10509472194515,23.793604722427244]]}},{"type":"Feature","properties":{"ID_CURM":"000000000","CVEOPERORI":"000000000","CVEGEO":"0300329522657800","CVE_ENT":"03","CVE_MUN":"003","CVE_LOC":"2952","CVE_AGEB":"2657","CVE_MZA":"800","NOMGEO":"La Parcela","PLANO":"N","CVEOPER":"","ID_MZA":"824f18e3-3c43-45b3-85e0-0ee583ef4470"},"geometry":{"type":"MultiPoint","coordinates":[[-110.29522916708568,23.790476111344816]]}},{"type":"Feature","properties":{"ID_CURM":"000000000","CVEOPERORI":"000000000","CVEGEO":"0300313002888800","CVE_ENT":"03","CVE_MUN":"003","CVE_LOC":"1300","CVE_AGEB":"2888","CVE_MZA":"800","NOMGEO":"Los Bules","PLANO":"N","CVEOPER":"","ID_MZA":"88296613-0fc8-49c6-8800-b47b266aebfc"},"geometry":{"type":"MultiPoint","coordinates":[[-110.08350361085324,23.241021389044096]]}},{"type":"Feature","properties":{"ID_CURM":"000000000","CVEOPERORI":"000000000","CVEGEO":"0300800420549800","CVE_ENT":"03","CVE_MUN":"008","CVE_LOC":"0042","CVE_AGEB":"0549","CVE_MZA":"800","NOMGEO":"Boca de los Tesos","PLANO":"C","CVEOPER":"","ID_MZA":"89c87f20-eb13-4021-a299-8be4b214efbf"},"geometry":{"type":"MultiPoint","coordinates":[[-109.47492333255347,23.506855277619202]]}},{"type":"Feature","properties":{"ID_CURM":"000000000","CVEOPERORI":"000000000","CVEGEO":"0300320972799800","CVE_ENT":"03","CVE_MUN":"003","CVE_LOC":"2097","CVE_AGEB":"2799","CVE_MZA":"800","NOMGEO":"La Huerta","PLANO":"N","CVEOPER":"","ID_MZA":"8a63ce2c-fb9b-457f-8a1c-a7cae121049b"},"geometry":{"type":"MultiPoint","coordinates":[[-110.2692347221505,23.64125611153631]]}},{"type":"Feature","properties":{"ID_CURM":"000000000","CVEOPERORI":"000000000","CVEGEO":"0300311222892800","CVE_ENT":"03","CVE_MUN":"003","CVE_LOC":"1122","CVE_AGEB":"2892","CVE_MZA":"800","NOMGEO":"Casas de Abajo","PLANO":"N","CVEOPER":"","ID_MZA":"8a6b4b34-ec12-4b52-ac67-a578a0ba0e1b"},"geometry":{"type":"MultiPoint","coordinates":[[-110.08029111103531,23.17180749972135]]}},{"type":"Feature","properties":{"ID_CURM":"000000000","CVEOPERORI":"000000000","CVEGEO":"0300301142746800","CVE_ENT":"03","CVE_MUN":"003","CVE_LOC":"0114","CVE_AGEB":"2746","CVE_MZA":"800","NOMGEO":"El Dátil","PLANO":"N","CVEOPER":"","ID_MZA":"8d1e5413-4b36-4564-bf1b-41c3b552dc42"},"geometry":{"type":"MultiPoint","coordinates":[[-110.02723916709812,23.726459444597303]]}},{"type":"Feature","properties":{"ID_CURM":"000000000","CVEOPERORI":"000000000","CVEGEO":"0300321072765800","CVE_ENT":"03","CVE_MUN":"003","CVE_LOC":"2107","CVE_AGEB":"2765","CVE_MZA":"800","NOMGEO":"El Cajón","PLANO":"N","CVEOPER":"","ID_MZA":"9104c4f0-eb3e-4add-b8f3-6f6a96d0c9d1"},"geometry":{"type":"MultiPoint","coordinates":[[-109.81714944438201,23.738477221990244]]}},{"type":"Feature","properties":{"ID_CURM":"000000000","CVEOPERORI":"000000000","CVEGEO":"0300329562638800","CVE_ENT":"03","CVE_MUN":"003","CVE_LOC":"2956","CVE_AGEB":"2638","CVE_MZA":"800","NOMGEO":"El Milagro","PLANO":"N","CVEOPER":"","ID_MZA":"94efea8a-34b3-41bc-b559-b358a9e4f51d"},"geometry":{"type":"MultiPoint","coordinates":[[-110.44900249965931,23.709722777957133]]}},{"type":"Feature","properties":{"ID_CURM":"000000000","CVEOPERORI":"000000000","CVEGEO":"0300313982680800","CVE_ENT":"03","CVE_MUN":"003","CVE_LOC":"1398","CVE_AGEB":"2680","CVE_MZA":"800","NOMGEO":"Mi Ranchito","PLANO":"N","CVEOPER":"","ID_MZA":"97b9180a-352f-4264-8140-34a680e2b1a9"},"geometry":{"type":"MultiPoint","coordinates":[[-110.04891194410604,23.82722611147267]]}},{"type":"Feature","properties":{"ID_CURM":"000000000","CVEOPERORI":"000000000","CVEGEO":"0300323912799800","CVE_ENT":"03","CVE_MUN":"003","CVE_LOC":"2391","CVE_AGEB":"2799","CVE_MZA":"800","NOMGEO":"Darinka","PLANO":"N","CVEOPER":"","ID_MZA":"997948a2-6d5f-484d-bb1d-54036251c1ce"},"geometry":{"type":"MultiPoint","coordinates":[[-110.27822527793894,23.67063250004543]]}},{"type":"Feature","properties":{"ID_CURM":"000000000","CVEOPERORI":"000000000","CVEGEO":"0300323742553800","CVE_ENT":"03","CVE_MUN":"003","CVE_LOC":"2374","CVE_AGEB":"2553","CVE_MZA":"800","NOMGEO":"La Pajarilla","PLANO":"N","CVEOPER":"","ID_MZA":"9bc62ad9-2620-404f-8c5d-df58502f9d73"},"geometry":{"type":"MultiPoint","coordinates":[[-110.35290638869195,23.96086222220239]]}},{"type":"Feature","properties":{"ID_CURM":"000000000","CVEOPERORI":"000000000","CVEGEO":"0300304402892800","CVE_ENT":"03","CVE_MUN":"003","CVE_LOC":"0440","CVE_AGEB":"2892","CVE_MZA":"800","NOMGEO":"La Calerita","PLANO":"N","CVEOPER":"","ID_MZA":"9c2fbef2-13fa-4c79-a1e1-759cf8d268cb"},"geometry":{"type":"MultiPoint","coordinates":[[-110.08630305624932,23.131163888458936]]}},{"type":"Feature","properties":{"ID_CURM":"000000000","CVEOPERORI":"000000000","CVEGEO":"0300330652888800","CVE_ENT":"03","CVE_MUN":"003","CVE_LOC":"3065","CVE_AGEB":"2888","CVE_MZA":"800","NOMGEO":"Gabriel León Villarina","PLANO":"N","CVEOPER":"","ID_MZA":"9da691a4-cce7-468a-bd6d-98f27f8a3da2"},"geometry":{"type":"MultiPoint","coordinates":[[-110.01562555582352,23.25045388880541]]}},{"type":"Feature","properties":{"ID_CURM":"000000000","CVEOPERORI":"000000000","CVEGEO":"0300328092676800","CVE_ENT":"03","CVE_MUN":"003","CVE_LOC":"2809","CVE_AGEB":"2676","CVE_MZA":"800","NOMGEO":"Las Bebelamas","PLANO":"N","CVEOPER":"","ID_MZA":"9df7fabd-e56a-4f34-8a51-c1b645c2c44e"},"geometry":{"type":"MultiPoint","coordinates":[[-110.11983916678378,23.89092416665985]]}},{"type":"Feature","properties":{"ID_CURM":"000000000","CVEOPERORI":"000000000","CVEGEO":"0300312872676800","CVE_ENT":"03","CVE_MUN":"003","CVE_LOC":"1287","CVE_AGEB":"2676","CVE_MZA":"800","NOMGEO":"El Aguajito","PLANO":"N","CVEOPER":"","ID_MZA":"a095d32b-4981-4ac5-b320-417d8427b535"},"geometry":{"type":"MultiPoint","coordinates":[[-110.15353888905982,23.948577222108636]]}},{"type":"Feature","properties":{"ID_CURM":"000000000","CVEOPERORI":"000000000","CVEGEO":"0300329662657800","CVE_ENT":"03","CVE_MUN":"003","CVE_LOC":"2966","CVE_AGEB":"2657","CVE_MZA":"800","NOMGEO":"Buenos Aires","PLANO":"N","CVEOPER":"","ID_MZA":"a76fccc0-3d15-44c7-8348-e82c3b76a1d2"},"geometry":{"type":"MultiPoint","coordinates":[[-110.28663166679128,23.78217083338403]]}},{"type":"Feature","properties":{"ID_CURM":"000000000","CVEOPERORI":"000000000","CVEGEO":"0300307302676800","CVE_ENT":"03","CVE_MUN":"003","CVE_LOC":"0730","CVE_AGEB":"2676","CVE_MZA":"800","NOMGEO":"El Refugio","PLANO":"N","CVEOPER":"","ID_MZA":"a7c4f47f-2293-4ff0-951e-ecd31993f5a2"},"geometry":{"type":"MultiPoint","coordinates":[[-110.12360444439844,23.921376388968362]]}},{"type":"Feature","properties":{"ID_CURM":"000000000","CVEOPERORI":"000000000","CVEGEO":"0300304632816800","CVE_ENT":"03","CVE_MUN":"003","CVE_LOC":"0463","CVE_AGEB":"2816","CVE_MZA":"800","NOMGEO":"Casas Viejas","PLANO":"N","CVEOPER":"","ID_MZA":"a82af816-2052-4d2c-bb63-12e10ec75034"},"geometry":{"type":"MultiPoint","coordinates":[[-109.93224638864186,23.654950000041318]]}},{"type":"Feature","properties":{"ID_CURM":"000000000","CVEOPERORI":"000000000","CVEGEO":"0300328262799800","CVE_ENT":"03","CVE_MUN":"003","CVE_LOC":"2826","CVE_AGEB":"2799","CVE_MZA":"800","NOMGEO":"El Paraje","PLANO":"N","CVEOPER":"","ID_MZA":"b0fa6346-2fec-43fa-9ce7-11d6b96afe2d"},"geometry":{"type":"MultiPoint","coordinates":[[-110.20359222178254,23.64801888876077]]}},{"type":"Feature","properties":{"ID_CURM":"000000000","CVEOPERORI":"000000000","CVEGEO":"0300312882799800","CVE_ENT":"03","CVE_MUN":"003","CVE_LOC":"1288","CVE_AGEB":"2799","CVE_MZA":"800","NOMGEO":"Santa María del Oro","PLANO":"N","CVEOPER":"","ID_MZA":"bd1cc260-2eca-4c6f-800e-1d8ca0792c2e"},"geometry":{"type":"MultiPoint","coordinates":[[-110.26634361056223,23.64070194446176]]}},{"type":"Feature","properties":{"ID_CURM":"000000000","CVEOPERORI":"000000000","CVEGEO":"0300332292869800","CVE_ENT":"03","CVE_MUN":"003","CVE_LOC":"3229","CVE_AGEB":"2869","CVE_MZA":"800","NOMGEO":"Las Maravillas","PLANO":"C","CVEOPER":"","ID_MZA":"c078d86e-35e9-4daf-8fff-64f89e957683"},"geometry":{"type":"MultiPoint","coordinates":[[-110.17656916721224,23.36504333326011]]}},{"type":"Feature","properties":{"ID_CURM":"000000000","CVEOPERORI":"000000000","CVEGEO":"030081046052A800","CVE_ENT":"03","CVE_MUN":"008","CVE_LOC":"1046","CVE_AGEB":"052A","CVE_MZA":"800","NOMGEO":"El Chinal Viejo","PLANO":"N","CVEOPER":"","ID_MZA":"c102e684-244d-4c1c-9767-7a8d349b9019"},"geometry":{"type":"MultiPoint","coordinates":[[-109.82022333301867,23.54996055586126]]}},{"type":"Feature","properties":{"ID_CURM":"000000000","CVEOPERORI":"000000000","CVEGEO":"0300308852801800","CVE_ENT":"03","CVE_MUN":"003","CVE_LOC":"0885","CVE_AGEB":"2801","CVE_MZA":"800","NOMGEO":"Los Taraices","PLANO":"N","CVEOPER":"","ID_MZA":"c149428e-d493-45d4-8924-a161bc8b1a2a"},"geometry":{"type":"MultiPoint","coordinates":[[-110.06994333290773,23.603833333460102]]}},{"type":"Feature","properties":{"ID_CURM":"000000000","CVEOPERORI":"000000000","CVEGEO":"0300332552553800","CVE_ENT":"03","CVE_MUN":"003","CVE_LOC":"3255","CVE_AGEB":"2553","CVE_MZA":"800","NOMGEO":"La Ciénega","PLANO":"N","CVEOPER":"","ID_MZA":"c9a92c15-635a-4dae-b760-d6f219b56be9"},"geometry":{"type":"MultiPoint","coordinates":[[-110.36035861133065,23.93374666678595]]}},{"type":"Feature","properties":{"ID_CURM":"000000000","CVEOPERORI":"000000000","CVEGEO":"0300305392873800","CVE_ENT":"03","CVE_MUN":"003","CVE_LOC":"0539","CVE_AGEB":"2873","CVE_MZA":"800","NOMGEO":"Los Encinos","PLANO":"N","CVEOPER":"","ID_MZA":"ceca5ff7-6bca-40b1-8d50-25bbaf5886f6"},"geometry":{"type":"MultiPoint","coordinates":[[-110.03636805587011,23.316972222409902]]}},{"type":"Feature","properties":{"ID_CURM":"000000000","CVEOPERORI":"000000000","CVEGEO":"0300811050572800","CVE_ENT":"03","CVE_MUN":"008","CVE_LOC":"1105","CVE_AGEB":"0572","CVE_MZA":"800","NOMGEO":"El Guayparín","PLANO":"N","CVEOPER":"","ID_MZA":"cee5f827-51b8-472d-a488-bcbdcd3392cc"},"geometry":{"type":"MultiPoint","coordinates":[[-109.6879727777579,23.472496666615076]]}},{"type":"Feature","properties":{"ID_CURM":"000000000","CVEOPERORI":"000000000","CVEGEO":"0300328442676800","CVE_ENT":"03","CVE_MUN":"003","CVE_LOC":"2844","CVE_AGEB":"2676","CVE_MZA":"800","NOMGEO":"Los Alamitos","PLANO":"N","CVEOPER":"","ID_MZA":"d4cb4b5c-bfd0-4926-9f79-48e8cff3db36"},"geometry":{"type":"MultiPoint","coordinates":[[-110.15532194433099,23.872930000419373]]}},{"type":"Feature","properties":{"ID_CURM":"000000000","CVEOPERORI":"000000000","CVEGEO":"0300324912869800","CVE_ENT":"03","CVE_MUN":"003","CVE_LOC":"2491","CVE_AGEB":"2869","CVE_MZA":"800","NOMGEO":"Quinta Yea","PLANO":"N","CVEOPER":"","ID_MZA":"d5555fe3-1533-4c7d-800a-3fd981b0ad1d"},"geometry":{"type":"MultiPoint","coordinates":[[-110.16521611060035,23.36603055535785]]}},{"type":"Feature","properties":{"ID_CURM":"000000000","CVEOPERORI":"000000000","CVEGEO":"0300313122680800","CVE_ENT":"03","CVE_MUN":"003","CVE_LOC":"1312","CVE_AGEB":"2680","CVE_MZA":"800","NOMGEO":"El Cocuyo","PLANO":"N","CVEOPER":"","ID_MZA":"d9c72a37-1a08-4ea0-b3de-7ff27614e57f"},"geometry":{"type":"MultiPoint","coordinates":[[-110.05716916748415,23.82003416671286]]}},{"type":"Feature","properties":{"ID_CURM":"000000000","CVEOPERORI":"000000000","CVEGEO":"0300326552799800","CVE_ENT":"03","CVE_MUN":"003","CVE_LOC":"2655","CVE_AGEB":"2799","CVE_MZA":"800","NOMGEO":"Las Cuatro Milpas","PLANO":"N","CVEOPER":"","ID_MZA":"d9dbe866-1b7f-430a-b445-8da47851fe19"},"geometry":{"type":"MultiPoint","coordinates":[[-110.21281277821565,23.64903472247371]]}},{"type":"Feature","properties":{"ID_CURM":"000000000","CVEOPERORI":"000000000","CVEGEO":"0300301702892800","CVE_ENT":"03","CVE_MUN":"003","CVE_LOC":"0170","CVE_AGEB":"2892","CVE_MZA":"800","NOMGEO":"Matancitas","PLANO":"N","CVEOPER":"","ID_MZA":"da8a4002-9b3c-4e3a-93b2-e88d3c559141"},"geometry":{"type":"MultiPoint","coordinates":[[-110.07393694391443,23.15405666692516]]}},{"type":"Feature","properties":{"ID_CURM":"000000000","CVEOPERORI":"000000000","CVEGEO":"0300324372892800","CVE_ENT":"03","CVE_MUN":"003","CVE_LOC":"2437","CVE_AGEB":"2892","CVE_MZA":"800","NOMGEO":"Ninguno [Emilio Yarel]","PLANO":"N","CVEOPER":"","ID_MZA":"dbb9a269-43be-4cca-82d5-bfdebd66c618"},"geometry":{"type":"MultiPoint","coordinates":[[-110.12300694414785,23.13182250014037]]}},{"type":"Feature","properties":{"ID_CURM":"000000000","CVEOPERORI":"000000000","CVEGEO":"0300303022816800","CVE_ENT":"03","CVE_MUN":"003","CVE_LOC":"0302","CVE_AGEB":"2816","CVE_MZA":"800","NOMGEO":"El Saucito","PLANO":"N","CVEOPER":"","ID_MZA":"dd8d865c-4701-4dea-81e1-97c8419bd709"},"geometry":{"type":"MultiPoint","coordinates":[[-110.07522611135795,23.64486361119966]]}},{"type":"Feature","properties":{"ID_CURM":"000000000","CVEOPERORI":"000000000","CVEGEO":"0300304882784800","CVE_ENT":"03","CVE_MUN":"003","CVE_LOC":"0488","CVE_AGEB":"2784","CVE_MZA":"800","NOMGEO":"El Corral Falso","PLANO":"N","CVEOPER":"","ID_MZA":"df8fc84b-2732-40ca-a0fe-d303347b3406"},"geometry":{"type":"MultiPoint","coordinates":[[-109.76148027797855,23.646364722020497]]}},{"type":"Feature","properties":{"ID_CURM":"000000000","CVEOPERORI":"000000000","CVEGEO":"0300303532765800","CVE_ENT":"03","CVE_MUN":"003","CVE_LOC":"0353","CVE_AGEB":"2765","CVE_MZA":"800","NOMGEO":"El Álamo","PLANO":"N","CVEOPER":"","ID_MZA":"e356a075-d7b0-4582-bcbc-5f0facffdacc"},"geometry":{"type":"MultiPoint","coordinates":[[-109.83829361110148,23.814238055913766]]}},{"type":"Feature","properties":{"ID_CURM":"000000000","CVEOPERORI":"000000000","CVEGEO":"0300313582750800","CVE_ENT":"03","CVE_MUN":"003","CVE_LOC":"1358","CVE_AGEB":"2750","CVE_MZA":"800","NOMGEO":"Rincón del León","PLANO":"N","CVEOPER":"","ID_MZA":"ec727f57-6a2f-4877-87a8-7fb7b5a8cb74"},"geometry":{"type":"MultiPoint","coordinates":[[-109.94227027758774,23.754013888877022]]}},{"type":"Feature","properties":{"ID_CURM":"000000000","CVEOPERORI":"000000000","CVEGEO":"0300317522873800","CVE_ENT":"03","CVE_MUN":"003","CVE_LOC":"1752","CVE_AGEB":"2873","CVE_MZA":"800","NOMGEO":"Las Albóndigas","PLANO":"N","CVEOPER":"","ID_MZA":"ecd8168b-53f1-4a8b-8942-4e32be7e0a76"},"geometry":{"type":"MultiPoint","coordinates":[[-110.0775852775418,23.310237221793688]]}},{"type":"Feature","properties":{"ID_CURM":"000000000","CVEOPERORI":"000000000","CVEGEO":"0300809810572800","CVE_ENT":"03","CVE_MUN":"008","CVE_LOC":"0981","CVE_AGEB":"0572","CVE_MZA":"800","NOMGEO":"Barrio Boca de la Cañada","PLANO":"N","CVEOPER":"","ID_MZA":"ee3ddee3-9979-4746-b142-4d377aa094a3"},"geometry":{"type":"MultiPoint","coordinates":[[-109.70771277808647,23.478427778164193]]}},{"type":"Feature","properties":{"ID_CURM":"000000000","CVEOPERORI":"000000000","CVEGEO":"0300327202869800","CVE_ENT":"03","CVE_MUN":"003","CVE_LOC":"2720","CVE_AGEB":"2869","CVE_MZA":"800","NOMGEO":"La Alegría","PLANO":"N","CVEOPER":"","ID_MZA":"f1a876b6-05f0-4139-aca7-4826122e871a"},"geometry":{"type":"MultiPoint","coordinates":[[-110.05317361095176,23.433303056044988]]}},{"type":"Feature","properties":{"ID_CURM":"000000000","CVEOPERORI":"000000000","CVEGEO":"0300331052892800","CVE_ENT":"03","CVE_MUN":"003","CVE_LOC":"3105","CVE_AGEB":"2892","CVE_MZA":"800","NOMGEO":"Shureyas","PLANO":"N","CVEOPER":"","ID_MZA":"f36efab9-69d9-4b7b-a8fa-961c7f061070"},"geometry":{"type":"MultiPoint","coordinates":[[-109.98670166723188,23.168778888825088]]}},{"type":"Feature","properties":{"ID_CURM":"000000000","CVEOPERORI":"000000000","CVEGEO":"0300327332869800","CVE_ENT":"03","CVE_MUN":"003","CVE_LOC":"2733","CVE_AGEB":"2869","CVE_MZA":"800","NOMGEO":"El Zalate de Arriba","PLANO":"N","CVEOPER":"","ID_MZA":"f6eea9a6-987d-4246-9c7e-3edd84f98562"},"geometry":{"type":"MultiPoint","coordinates":[[-110.16281527808121,23.37258583364445]]}},{"type":"Feature","properties":{"ID_CURM":"000000000","CVEOPERORI":"000000000","CVEGEO":"0300311142873800","CVE_ENT":"03","CVE_MUN":"003","CVE_LOC":"1114","CVE_AGEB":"2873","CVE_MZA":"800","NOMGEO":"La Cuesta","PLANO":"N","CVEOPER":"","ID_MZA":"f940c148-634c-4920-986e-16bd6b544a56"},"geometry":{"type":"MultiPoint","coordinates":[[-110.00065333336863,23.346145555685123]]}},{"type":"Feature","properties":{"ID_CURM":"000000000","CVEOPERORI":"000000000","CVEGEO":"0300328222746800","CVE_ENT":"03","CVE_MUN":"003","CVE_LOC":"2822","CVE_AGEB":"2746","CVE_MZA":"800","NOMGEO":"La Petaca","PLANO":"N","CVEOPER":"","ID_MZA":"fd18f22d-2235-496b-9078-6e1f189a562d"},"geometry":{"type":"MultiPoint","coordinates":[[-110.02235027815145,23.680131944597502]]}}]}