{"type":"FeatureCollection","crs": { "type": "name", "properties": { "name": "urn:ogc:def:crs:EPSG::4326" } },"features":[{"type":"Feature","properties":{"ID_CURM":"000000000","CVEOPERORI":"000000000","CVEGEO":"0300308552341800","CVE_ENT":"03","CVE_MUN":"003","CVE_LOC":"0855","CVE_AGEB":"2341","CVE_MZA":"800","NOMGEO":"Santa Teresa","PLANO":"N","CVEOPER":"","ID_MZA":"02746df8-30de-43ae-8724-d650f7c4d2f6"},"geometry":{"type":"MultiPoint","coordinates":[[-111.45657055573818,24.548739444808348]]}},{"type":"Feature","properties":{"ID_CURM":"000000000","CVEOPERORI":"000000000","CVEGEO":"0300306872375800","CVE_ENT":"03","CVE_MUN":"003","CVE_LOC":"0687","CVE_AGEB":"2375","CVE_MZA":"800","NOMGEO":"San Pedro de la Presa","PLANO":"C","CVEOPER":"","ID_MZA":"087ca688-24e9-43e4-b90c-291b81526124"},"geometry":{"type":"MultiPoint","coordinates":[[-110.99376694440514,24.84802055565367]]}},{"type":"Feature","properties":{"ID_CURM":"000000000","CVEOPERORI":"000000000","CVEGEO":"0300331912360800","CVE_ENT":"03","CVE_MUN":"003","CVE_LOC":"3191","CVE_AGEB":"2360","CVE_MZA":"800","NOMGEO":"La Savila","PLANO":"N","CVEOPER":"","ID_MZA":"0afbe380-96eb-443c-bb71-315ed87b2092"},"geometry":{"type":"MultiPoint","coordinates":[[-111.1192861113125,24.401906666490284]]}},{"type":"Feature","properties":{"ID_CURM":"000000000","CVEOPERORI":"000000000","CVEGEO":"0300117492559800","CVE_ENT":"03","CVE_MUN":"001","CVE_LOC":"1749","CVE_AGEB":"2559","CVE_MZA":"800","NOMGEO":"México Lotes 4 y 5","PLANO":"N","CVEOPER":"","ID_MZA":"0eb857bf-6f26-4546-9427-89ea9f1ae8ec"},"geometry":{"type":"MultiPoint","coordinates":[[-111.78325472227476,25.183641666819046]]}},{"type":"Feature","properties":{"ID_CURM":"000000000","CVEOPERORI":"000000000","CVEGEO":"0300129342667800","CVE_ENT":"03","CVE_MUN":"001","CVE_LOC":"2934","CVE_AGEB":"2667","CVE_MZA":"800","NOMGEO":"Brisas del Desierto [Restaurante]","PLANO":"N","CVEOPER":"","ID_MZA":"17f78ffa-c4ad-4680-b01c-f12281a4ddb4"},"geometry":{"type":"MultiPoint","coordinates":[[-111.53163416669943,24.72426777747615]]}},{"type":"Feature","properties":{"ID_CURM":"000000000","CVEOPERORI":"000000000","CVEGEO":"0300116922559800","CVE_ENT":"03","CVE_MUN":"001","CVE_LOC":"1692","CVE_AGEB":"2559","CVE_MZA":"800","NOMGEO":"Agustín Olachea Lotes 4, 5, 12 y 11","PLANO":"N","CVEOPER":"","ID_MZA":"1b74da2a-996e-480d-a080-bd20911d3dbf"},"geometry":{"type":"MultiPoint","coordinates":[[-111.73328944398575,25.175031111446504]]}},{"type":"Feature","properties":{"ID_CURM":"000000000","CVEOPERORI":"000000000","CVEGEO":"0300313642356800","CVE_ENT":"03","CVE_MUN":"003","CVE_LOC":"1364","CVE_AGEB":"2356","CVE_MZA":"800","NOMGEO":"Dos de Abril (San Francisco Lanzer)","PLANO":"N","CVEOPER":"","ID_MZA":"1dd4ff80-d605-4b9f-b0b6-8ea7d7d7fd80"},"geometry":{"type":"MultiPoint","coordinates":[[-111.20433555618168,24.41394638854511]]}},{"type":"Feature","properties":{"ID_CURM":"000000000","CVEOPERORI":"000000000","CVEGEO":"0300302052375800","CVE_ENT":"03","CVE_MUN":"003","CVE_LOC":"0205","CVE_AGEB":"2375","CVE_MZA":"800","NOMGEO":"El Pilar","PLANO":"N","CVEOPER":"","ID_MZA":"1ff7e3b0-5611-49bb-8f97-a9be5b831666"},"geometry":{"type":"MultiPoint","coordinates":[[-111.00182083281207,24.469993055839065]]}},{"type":"Feature","properties":{"ID_CURM":"000000000","CVEOPERORI":"000000000","CVEGEO":"0300118462559800","CVE_ENT":"03","CVE_MUN":"001","CVE_LOC":"1846","CVE_AGEB":"2559","CVE_MZA":"800","NOMGEO":"Nueva California Lote 38","PLANO":"N","CVEOPER":"","ID_MZA":"22a216a6-fad9-440e-bdcf-378fd7086667"},"geometry":{"type":"MultiPoint","coordinates":[[-111.77922416667398,25.10848194424506]]}},{"type":"Feature","properties":{"ID_CURM":"000000000","CVEOPERORI":"000000000","CVEGEO":"0300302232337800","CVE_ENT":"03","CVE_MUN":"003","CVE_LOC":"0223","CVE_AGEB":"2337","CVE_MZA":"800","NOMGEO":"La Primer Agua","PLANO":"N","CVEOPER":"","ID_MZA":"255796e3-daa6-4d59-90d1-d8900afb284c"},"geometry":{"type":"MultiPoint","coordinates":[[-110.7979813893321,24.85051111071964]]}},{"type":"Feature","properties":{"ID_CURM":"000000000","CVEOPERORI":"000000000","CVEGEO":"0300118242559800","CVE_ENT":"03","CVE_MUN":"001","CVE_LOC":"1824","CVE_AGEB":"2559","CVE_MZA":"800","NOMGEO":"Sinaloa Lote 3","PLANO":"N","CVEOPER":"","ID_MZA":"27c857d1-3f5f-4917-ada6-e777aa16f87b"},"geometry":{"type":"MultiPoint","coordinates":[[-111.74582444410603,25.150113333096428]]}},{"type":"Feature","properties":{"ID_CURM":"000000000","CVEOPERORI":"000000000","CVEGEO":"0300327012430800","CVE_ENT":"03","CVE_MUN":"003","CVE_LOC":"2701","CVE_AGEB":"2430","CVE_MZA":"800","NOMGEO":"La Ventana","PLANO":"N","CVEOPER":"","ID_MZA":"2c1d48e7-c556-4cab-85d1-49dae9298695"},"geometry":{"type":"MultiPoint","coordinates":[[-110.63745527791615,24.097144444636374]]}},{"type":"Feature","properties":{"ID_CURM":"000000000","CVEOPERORI":"000000000","CVEGEO":"0300128132559800","CVE_ENT":"03","CVE_MUN":"001","CVE_LOC":"2813","CVE_AGEB":"2559","CVE_MZA":"800","NOMGEO":"Cuitláhuac Lote 28","PLANO":"N","CVEOPER":"","ID_MZA":"2c34556c-14bf-45f5-bf8e-6296851896f3"},"geometry":{"type":"MultiPoint","coordinates":[[-111.75138777796471,25.075176111533427]]}},{"type":"Feature","properties":{"ID_CURM":"000000000","CVEOPERORI":"000000000","CVEGEO":"0300301752341800","CVE_ENT":"03","CVE_MUN":"003","CVE_LOC":"0175","CVE_AGEB":"2341","CVE_MZA":"800","NOMGEO":"El Médano","PLANO":"C","CVEOPER":"","ID_MZA":"2de0d1f4-f516-4b6a-ba64-ed0f8e2182ba"},"geometry":{"type":"MultiPoint","coordinates":[[-111.51027555598607,24.533056110722182]]}},{"type":"Feature","properties":{"ID_CURM":"000000000","CVEOPERORI":"000000000","CVEGEO":"0300117032559800","CVE_ENT":"03","CVE_MUN":"001","CVE_LOC":"1703","CVE_AGEB":"2559","CVE_MZA":"800","NOMGEO":"Nueva California Lote 75","PLANO":"N","CVEOPER":"","ID_MZA":"2ec00f70-9479-4003-bcd3-46e3f357f3fa"},"geometry":{"type":"MultiPoint","coordinates":[[-111.79689361100982,25.150229444135583]]}},{"type":"Feature","properties":{"ID_CURM":"000000000","CVEOPERORI":"000000000","CVEGEO":"0300116782559800","CVE_ENT":"03","CVE_MUN":"001","CVE_LOC":"1678","CVE_AGEB":"2559","CVE_MZA":"800","NOMGEO":"Fernando de la Toba Lote 26","PLANO":"N","CVEOPER":"","ID_MZA":"2ee88b26-04a7-4f99-8056-c7079b7123b3"},"geometry":{"type":"MultiPoint","coordinates":[[-111.70229333290831,25.198161666851203]]}},{"type":"Feature","properties":{"ID_CURM":"000000000","CVEOPERORI":"000000000","CVEGEO":"0300110492559800","CVE_ENT":"03","CVE_MUN":"001","CVE_LOC":"1049","CVE_AGEB":"2559","CVE_MZA":"800","NOMGEO":"El Imposible","PLANO":"N","CVEOPER":"","ID_MZA":"33ecce51-90e2-4f9b-aec2-0862b9ac4b4c"},"geometry":{"type":"MultiPoint","coordinates":[[-111.56622388928582,24.802090833688002]]}},{"type":"Feature","properties":{"ID_CURM":"000000000","CVEOPERORI":"000000000","CVEGEO":"0300319392375800","CVE_ENT":"03","CVE_MUN":"003","CVE_LOC":"1939","CVE_AGEB":"2375","CVE_MZA":"800","NOMGEO":"San Juanito","PLANO":"N","CVEOPER":"","ID_MZA":"34888141-5510-47a5-a36f-8ab49403562b"},"geometry":{"type":"MultiPoint","coordinates":[[-110.99013638923428,24.459589444585614]]}},{"type":"Feature","properties":{"ID_CURM":"000000000","CVEOPERORI":"000000000","CVEGEO":"0300315162375800","CVE_ENT":"03","CVE_MUN":"003","CVE_LOC":"1516","CVE_AGEB":"2375","CVE_MZA":"800","NOMGEO":"La Natividad","PLANO":"N","CVEOPER":"","ID_MZA":"36474848-1db9-4ec2-a6ab-d325ca183535"},"geometry":{"type":"MultiPoint","coordinates":[[-110.98113388909077,24.65069555545678]]}},{"type":"Feature","properties":{"ID_CURM":"000000000","CVEOPERORI":"000000000","CVEGEO":"0300100422633800","CVE_ENT":"03","CVE_MUN":"001","CVE_LOC":"0042","CVE_AGEB":"2633","CVE_MZA":"800","NOMGEO":"Buenos Aires","PLANO":"N","CVEOPER":"","ID_MZA":"395777e0-3822-4ef3-b12c-61ebe1e154c9"},"geometry":{"type":"MultiPoint","coordinates":[[-111.18264083309101,24.939616388977065]]}},{"type":"Feature","properties":{"ID_CURM":"000000000","CVEOPERORI":"000000000","CVEGEO":"0300122992559800","CVE_ENT":"03","CVE_MUN":"001","CVE_LOC":"2299","CVE_AGEB":"2559","CVE_MZA":"800","NOMGEO":"Fernando de la Toba Lote 56","PLANO":"N","CVEOPER":"","ID_MZA":"3b3264b0-4730-47b4-9313-66a5672959d9"},"geometry":{"type":"MultiPoint","coordinates":[[-111.68332666719358,25.225921944816182]]}},{"type":"Feature","properties":{"ID_CURM":"000000000","CVEOPERORI":"000000000","CVEGEO":"0300118522559800","CVE_ENT":"03","CVE_MUN":"001","CVE_LOC":"1852","CVE_AGEB":"2559","CVE_MZA":"800","NOMGEO":"Cuitláhuac Lote 6","PLANO":"N","CVEOPER":"","ID_MZA":"3d7bebea-13d7-4fd3-8744-e0b23407fdd7"},"geometry":{"type":"MultiPoint","coordinates":[[-111.72833888914441,25.11360611092407]]}},{"type":"Feature","properties":{"ID_CURM":"000000000","CVEOPERORI":"000000000","CVEGEO":"0300117862559800","CVE_ENT":"03","CVE_MUN":"001","CVE_LOC":"1786","CVE_AGEB":"2559","CVE_MZA":"800","NOMGEO":"Nueva California Lote 8","PLANO":"N","CVEOPER":"","ID_MZA":"411cc0db-78f3-406f-8dc4-d5bf8a7a994b"},"geometry":{"type":"MultiPoint","coordinates":[[-111.90064944369836,25.118571111366755]]}},{"type":"Feature","properties":{"ID_CURM":"000000000","CVEOPERORI":"000000000","CVEGEO":"0300318732375800","CVE_ENT":"03","CVE_MUN":"003","CVE_LOC":"1873","CVE_AGEB":"2375","CVE_MZA":"800","NOMGEO":"San José","PLANO":"N","CVEOPER":"","ID_MZA":"423bceaf-f0e4-42db-a66c-999b92b68792"},"geometry":{"type":"MultiPoint","coordinates":[[-111.02287694368661,24.921745000095946]]}},{"type":"Feature","properties":{"ID_CURM":"000000000","CVEOPERORI":"000000000","CVEGEO":"0300300242360800","CVE_ENT":"03","CVE_MUN":"003","CVE_LOC":"0024","CVE_AGEB":"2360","CVE_MZA":"800","NOMGEO":"Agua de Enmedio","PLANO":"C","CVEOPER":"","ID_MZA":"452cad70-22ac-469e-abd6-64ca72120114"},"geometry":{"type":"MultiPoint","coordinates":[[-111.09331444440797,24.428563888994496]]}},{"type":"Feature","properties":{"ID_CURM":"000000000","CVEOPERORI":"000000000","CVEGEO":"0300116982559800","CVE_ENT":"03","CVE_MUN":"001","CVE_LOC":"1698","CVE_AGEB":"2559","CVE_MZA":"800","NOMGEO":"Sinaloa Lote 18","PLANO":"N","CVEOPER":"","ID_MZA":"4534938d-bac4-4a3d-8101-b1b9e0064092"},"geometry":{"type":"MultiPoint","coordinates":[[-111.70411305574885,25.168335555560965]]}},{"type":"Feature","properties":{"ID_CURM":"000000000","CVEOPERORI":"000000000","CVEGEO":"0300118082559800","CVE_ENT":"03","CVE_MUN":"001","CVE_LOC":"1808","CVE_AGEB":"2559","CVE_MZA":"800","NOMGEO":"Cuitláhuac Lote 23","PLANO":"N","CVEOPER":"","ID_MZA":"48ba43aa-4850-4e79-82ba-6626ce64b209"},"geometry":{"type":"MultiPoint","coordinates":[[-111.73926611142524,25.084706666452167]]}},{"type":"Feature","properties":{"ID_CURM":"000000000","CVEOPERORI":"000000000","CVEGEO":"0300302892356800","CVE_ENT":"03","CVE_MUN":"003","CVE_LOC":"0289","CVE_AGEB":"2356","CVE_MZA":"800","NOMGEO":"Tepeyac Santa Fe","PLANO":"C","CVEOPER":"","ID_MZA":"4941164f-c0dc-4fdc-b5f3-b457eb589606"},"geometry":{"type":"MultiPoint","coordinates":[[-111.21320027800665,24.30489555599305]]}},{"type":"Feature","properties":{"ID_CURM":"000000000","CVEOPERORI":"000000000","CVEGEO":"0300119242559800","CVE_ENT":"03","CVE_MUN":"001","CVE_LOC":"1924","CVE_AGEB":"2559","CVE_MZA":"800","NOMGEO":"Cuitláhuac Lote 43","PLANO":"N","CVEOPER":"","ID_MZA":"4a4c0402-781f-47fa-b861-94e7374c7125"},"geometry":{"type":"MultiPoint","coordinates":[[-111.74228027758971,25.06040166690382]]}},{"type":"Feature","properties":{"ID_CURM":"000000000","CVEOPERORI":"000000000","CVEGEO":"0300320072356800","CVE_ENT":"03","CVE_MUN":"003","CVE_LOC":"2007","CVE_AGEB":"2356","CVE_MZA":"800","NOMGEO":"Puerto Dátil","PLANO":"N","CVEOPER":"","ID_MZA":"4db11def-c606-4fa1-a926-60b8f937423b"},"geometry":{"type":"MultiPoint","coordinates":[[-111.52119055607287,24.40512722178424]]}},{"type":"Feature","properties":{"ID_CURM":"000000000","CVEOPERORI":"000000000","CVEGEO":"0300315582337800","CVE_ENT":"03","CVE_MUN":"003","CVE_LOC":"1558","CVE_AGEB":"2337","CVE_MZA":"800","NOMGEO":"Punta Coyote","PLANO":"C","CVEOPER":"","ID_MZA":"554946ee-544e-4ba8-b2b6-1d66616ceb0c"},"geometry":{"type":"MultiPoint","coordinates":[[-110.6965899999252,24.703125000125066]]}},{"type":"Feature","properties":{"ID_CURM":"000000000","CVEOPERORI":"000000000","CVEGEO":"0300332872430800","CVE_ENT":"03","CVE_MUN":"003","CVE_LOC":"3287","CVE_AGEB":"2430","CVE_MZA":"800","NOMGEO":"Bonanza Cubilete","PLANO":"N","CVEOPER":"","ID_MZA":"5675cb15-5a73-431c-9457-f54fbf0bd496"},"geometry":{"type":"MultiPoint","coordinates":[[-110.60026138873596,24.23542805580518]]}},{"type":"Feature","properties":{"ID_CURM":"000000000","CVEOPERORI":"000000000","CVEGEO":"0300117302559800","CVE_ENT":"03","CVE_MUN":"001","CVE_LOC":"1730","CVE_AGEB":"2559","CVE_MZA":"800","NOMGEO":"Nuevo Jiménez Lote 30","PLANO":"N","CVEOPER":"","ID_MZA":"59fc6c2e-9b8f-45ab-8d94-a8769de1a77f"},"geometry":{"type":"MultiPoint","coordinates":[[-111.62393888875265,25.204038889292082]]}},{"type":"Feature","properties":{"ID_CURM":"000000000","CVEOPERORI":"000000000","CVEGEO":"0300126922667800","CVE_ENT":"03","CVE_MUN":"001","CVE_LOC":"2692","CVE_AGEB":"2667","CVE_MZA":"800","NOMGEO":"Guadalajara Lote 24-A","PLANO":"N","CVEOPER":"","ID_MZA":"5a87f0a2-068d-4d37-93fe-8341dca52877"},"geometry":{"type":"MultiPoint","coordinates":[[-111.79425944437544,25.011929444093244]]}},{"type":"Feature","properties":{"ID_CURM":"000000000","CVEOPERORI":"000000000","CVEGEO":"0300118992559800","CVE_ENT":"03","CVE_MUN":"001","CVE_LOC":"1899","CVE_AGEB":"2559","CVE_MZA":"800","NOMGEO":"Salvatierra Lote 23","PLANO":"N","CVEOPER":"","ID_MZA":"5c3ccec6-c6c3-4175-ac62-397202b207b0"},"geometry":{"type":"MultiPoint","coordinates":[[-111.6807050003573,25.081166389326796]]}},{"type":"Feature","properties":{"ID_CURM":"000000000","CVEOPERORI":"000000000","CVEGEO":"0300302542375800","CVE_ENT":"03","CVE_MUN":"003","CVE_LOC":"0254","CVE_AGEB":"2375","CVE_MZA":"800","NOMGEO":"San Francisquito","PLANO":"C","CVEOPER":"","ID_MZA":"61ef55bc-5351-4520-8cea-e2385a50e0a1"},"geometry":{"type":"MultiPoint","coordinates":[[-110.94873083268985,24.503960277573036]]}},{"type":"Feature","properties":{"ID_CURM":"000000000","CVEOPERORI":"000000000","CVEGEO":"0300326982619800","CVE_ENT":"03","CVE_MUN":"003","CVE_LOC":"2698","CVE_AGEB":"2619","CVE_MZA":"800","NOMGEO":"Ninguno","PLANO":"C","CVEOPER":"","ID_MZA":"61fff7a3-7b1e-4e68-a403-2b6cf79333af"},"geometry":{"type":"MultiPoint","coordinates":[[-110.73391944372761,23.929837499639255]]}},{"type":"Feature","properties":{"ID_CURM":"000000000","CVEOPERORI":"000000000","CVEGEO":"0300332702360800","CVE_ENT":"03","CVE_MUN":"003","CVE_LOC":"3270","CVE_AGEB":"2360","CVE_MZA":"800","NOMGEO":"El Obispo","PLANO":"N","CVEOPER":"","ID_MZA":"62cc70bd-0382-4d9d-b4cc-d0691df5ae5a"},"geometry":{"type":"MultiPoint","coordinates":[[-111.12236555573112,24.69786277754137]]}},{"type":"Feature","properties":{"ID_CURM":"000000000","CVEOPERORI":"000000000","CVEGEO":"0300300542337800","CVE_ENT":"03","CVE_MUN":"003","CVE_LOC":"0054","CVE_AGEB":"2337","CVE_MZA":"800","NOMGEO":"Las Bebelamas 2","PLANO":"N","CVEOPER":"","ID_MZA":"6422e4cc-70db-4eef-a82e-71b60c583174"},"geometry":{"type":"MultiPoint","coordinates":[[-110.88512305602924,24.769780278008284]]}},{"type":"Feature","properties":{"ID_CURM":"000000000","CVEOPERORI":"000000000","CVEGEO":"0300317042356800","CVE_ENT":"03","CVE_MUN":"003","CVE_LOC":"1704","CVE_AGEB":"2356","CVE_MZA":"800","NOMGEO":"Iraquí","PLANO":"C","CVEOPER":"","ID_MZA":"67a0999f-b245-4f00-b539-de116a35c339"},"geometry":{"type":"MultiPoint","coordinates":[[-111.22026750003505,24.83071555603107]]}},{"type":"Feature","properties":{"ID_CURM":"000000000","CVEOPERORI":"000000000","CVEGEO":"0300123102559800","CVE_ENT":"03","CVE_MUN":"001","CVE_LOC":"2310","CVE_AGEB":"2559","CVE_MZA":"800","NOMGEO":"Nueva California Lote 99","PLANO":"N","CVEOPER":"","ID_MZA":"73dff115-ac2d-4221-b470-9deca0c420c4"},"geometry":{"type":"MultiPoint","coordinates":[[-111.81815555624475,25.12737861085208]]}},{"type":"Feature","properties":{"ID_CURM":"000000000","CVEOPERORI":"000000000","CVEGEO":"0300122442559800","CVE_ENT":"03","CVE_MUN":"001","CVE_LOC":"2244","CVE_AGEB":"2559","CVE_MZA":"800","NOMGEO":"Salvatierra Lote 1","PLANO":"N","CVEOPER":"","ID_MZA":"746ee0e5-3db2-4b9d-b986-853aaad72d1d"},"geometry":{"type":"MultiPoint","coordinates":[[-111.71565972244241,25.142485277927]]}},{"type":"Feature","properties":{"ID_CURM":"000000000","CVEOPERORI":"000000000","CVEGEO":"0300313602356800","CVE_ENT":"03","CVE_MUN":"003","CVE_LOC":"1360","CVE_AGEB":"2356","CVE_MZA":"800","NOMGEO":"Dos de Abril (San Antonio)","PLANO":"N","CVEOPER":"","ID_MZA":"7a3c9606-3dfc-451f-938b-b67d0cad8a8f"},"geometry":{"type":"MultiPoint","coordinates":[[-111.20252833334307,24.369453055851288]]}},{"type":"Feature","properties":{"ID_CURM":"000000000","CVEOPERORI":"000000000","CVEGEO":"0300329312356800","CVE_ENT":"03","CVE_MUN":"003","CVE_LOC":"2931","CVE_AGEB":"2356","CVE_MZA":"800","NOMGEO":"La Fusca","PLANO":"N","CVEOPER":"","ID_MZA":"7c178def-c9f9-4d48-b113-5d8d7099d06b"},"geometry":{"type":"MultiPoint","coordinates":[[-111.19913972217259,24.803789444702616]]}},{"type":"Feature","properties":{"ID_CURM":"000000000","CVEOPERORI":"000000000","CVEGEO":"0300101592559800","CVE_ENT":"03","CVE_MUN":"001","CVE_LOC":"0159","CVE_AGEB":"2559","CVE_MZA":"800","NOMGEO":"Magisterial Lote 611-2","PLANO":"N","CVEOPER":"","ID_MZA":"804f751b-ad33-4afe-9e2e-2e38e927da50"},"geometry":{"type":"MultiPoint","coordinates":[[-111.6831247222571,24.920201110780344]]}},{"type":"Feature","properties":{"ID_CURM":"000000000","CVEOPERORI":"000000000","CVEGEO":"0300320592430800","CVE_ENT":"03","CVE_MUN":"003","CVE_LOC":"2059","CVE_AGEB":"2430","CVE_MZA":"800","NOMGEO":"El Cajón de los Reyes","PLANO":"N","CVEOPER":"","ID_MZA":"834689ca-1241-4ecb-8e6c-c0faa3b5d747"},"geometry":{"type":"MultiPoint","coordinates":[[-110.5912902776688,24.220680555954445]]}},{"type":"Feature","properties":{"ID_CURM":"000000000","CVEOPERORI":"000000000","CVEGEO":"0300129112559800","CVE_ENT":"03","CVE_MUN":"001","CVE_LOC":"2911","CVE_AGEB":"2559","CVE_MZA":"800","NOMGEO":"Cuitlahuac Lote 36","PLANO":"N","CVEOPER":"","ID_MZA":"85abfbac-fcd6-44c7-a9ad-bdbd9c508c06"},"geometry":{"type":"MultiPoint","coordinates":[[-111.74347305648543,25.06121194480575]]}},{"type":"Feature","properties":{"ID_CURM":"000000000","CVEOPERORI":"000000000","CVEGEO":"0300118382559800","CVE_ENT":"03","CVE_MUN":"001","CVE_LOC":"1838","CVE_AGEB":"2559","CVE_MZA":"800","NOMGEO":"Nueva California Lote 66","PLANO":"N","CVEOPER":"","ID_MZA":"85d574ae-6094-45b0-aca7-86514e46cebd"},"geometry":{"type":"MultiPoint","coordinates":[[-111.79781249981501,25.142648888747473]]}},{"type":"Feature","properties":{"ID_CURM":"000000000","CVEOPERORI":"000000000","CVEGEO":"0300329882356800","CVE_ENT":"03","CVE_MUN":"003","CVE_LOC":"2988","CVE_AGEB":"2356","CVE_MZA":"800","NOMGEO":"Revolcadero de las Liebres","PLANO":"N","CVEOPER":"","ID_MZA":"877159b7-b4cd-4409-be02-ea1821e1b91b"},"geometry":{"type":"MultiPoint","coordinates":[[-111.21834138901765,24.441354722008523]]}},{"type":"Feature","properties":{"ID_CURM":"000000000","CVEOPERORI":"000000000","CVEGEO":"0300102012559800","CVE_ENT":"03","CVE_MUN":"001","CVE_LOC":"0201","CVE_AGEB":"2559","CVE_MZA":"800","NOMGEO":"Llano los Patitos Lote 3","PLANO":"N","CVEOPER":"","ID_MZA":"88c0930e-b7a0-4d64-8dbf-1f604ad6cb28"},"geometry":{"type":"MultiPoint","coordinates":[[-111.73458499969199,24.969081667101808]]}},{"type":"Feature","properties":{"ID_CURM":"000000000","CVEOPERORI":"000000000","CVEGEO":"0300328842356800","CVE_ENT":"03","CVE_MUN":"003","CVE_LOC":"2884","CVE_AGEB":"2356","CVE_MZA":"800","NOMGEO":"La Cruz de Piedra","PLANO":"N","CVEOPER":"","ID_MZA":"8c96b485-1783-4fed-a124-978e83531a30"},"geometry":{"type":"MultiPoint","coordinates":[[-111.24603972159852,24.813721389106455]]}},{"type":"Feature","properties":{"ID_CURM":"000000000","CVEOPERORI":"000000000","CVEGEO":"0300326692375800","CVE_ENT":"03","CVE_MUN":"003","CVE_LOC":"2669","CVE_AGEB":"2375","CVE_MZA":"800","NOMGEO":"La Higuera","PLANO":"C","CVEOPER":"","ID_MZA":"8f849b4a-3750-401d-88b1-403e4c0ae796"},"geometry":{"type":"MultiPoint","coordinates":[[-110.96545694392339,24.886007222123936]]}},{"type":"Feature","properties":{"ID_CURM":"000000000","CVEOPERORI":"000000000","CVEGEO":"0300124822559800","CVE_ENT":"03","CVE_MUN":"001","CVE_LOC":"2482","CVE_AGEB":"2559","CVE_MZA":"800","NOMGEO":"Fernando de la Toba Lote 38","PLANO":"N","CVEOPER":"","ID_MZA":"91b16449-f84a-44fd-a2cb-096cd0d421ba"},"geometry":{"type":"MultiPoint","coordinates":[[-111.68085722161976,25.212064722060227]]}},{"type":"Feature","properties":{"ID_CURM":"000000000","CVEOPERORI":"000000000","CVEGEO":"0300120102633800","CVE_ENT":"03","CVE_MUN":"001","CVE_LOC":"2010","CVE_AGEB":"2633","CVE_MZA":"800","NOMGEO":"El Capricho","PLANO":"N","CVEOPER":"","ID_MZA":"924291c2-f577-4e37-b661-8453152bb0ec"},"geometry":{"type":"MultiPoint","coordinates":[[-111.21540888909611,24.947800833366447]]}},{"type":"Feature","properties":{"ID_CURM":"000000000","CVEOPERORI":"000000000","CVEGEO":"0300118052559800","CVE_ENT":"03","CVE_MUN":"001","CVE_LOC":"1805","CVE_AGEB":"2559","CVE_MZA":"800","NOMGEO":"Cuitláhuac Lote 31","PLANO":"N","CVEOPER":"","ID_MZA":"94ffd79a-43da-4c51-a657-7b631687882c"},"geometry":{"type":"MultiPoint","coordinates":[[-111.7231527778741,25.076969721986348]]}},{"type":"Feature","properties":{"ID_CURM":"000000000","CVEOPERORI":"000000000","CVEGEO":"0300112562633800","CVE_ENT":"03","CVE_MUN":"001","CVE_LOC":"1256","CVE_AGEB":"2633","CVE_MZA":"800","NOMGEO":"El Quemadito","PLANO":"N","CVEOPER":"","ID_MZA":"9639a184-7221-492d-8550-858a3f67efc2"},"geometry":{"type":"MultiPoint","coordinates":[[-111.29072472234895,24.95418638847455]]}},{"type":"Feature","properties":{"ID_CURM":"000000000","CVEOPERORI":"000000000","CVEGEO":"0300329792356800","CVE_ENT":"03","CVE_MUN":"003","CVE_LOC":"2979","CVE_AGEB":"2356","CVE_MZA":"800","NOMGEO":"Rancho Chico","PLANO":"N","CVEOPER":"","ID_MZA":"98413b69-b05b-4d85-942e-2027ca94e689"},"geometry":{"type":"MultiPoint","coordinates":[[-111.19675027830752,24.80435777765441]]}},{"type":"Feature","properties":{"ID_CURM":"000000000","CVEOPERORI":"000000000","CVEGEO":"0300319222360800","CVE_ENT":"03","CVE_MUN":"003","CVE_LOC":"1922","CVE_AGEB":"2360","CVE_MZA":"800","NOMGEO":"El Sacrificio","PLANO":"N","CVEOPER":"","ID_MZA":"9aacd3a4-523e-4d10-babe-232288248ae6"},"geometry":{"type":"MultiPoint","coordinates":[[-111.04785027848347,24.48822138929374]]}},{"type":"Feature","properties":{"ID_CURM":"000000000","CVEOPERORI":"000000000","CVEGEO":"0300116842559800","CVE_ENT":"03","CVE_MUN":"001","CVE_LOC":"1684","CVE_AGEB":"2559","CVE_MZA":"800","NOMGEO":"Nuevo Jiménez Lote 14","PLANO":"N","CVEOPER":"","ID_MZA":"a014d2f9-3871-4f6d-9a21-903a25cd84f8"},"geometry":{"type":"MultiPoint","coordinates":[[-111.6321222218253,25.177749999629118]]}},{"type":"Feature","properties":{"ID_CURM":"000000000","CVEOPERORI":"000000000","CVEGEO":"0300301922360800","CVE_ENT":"03","CVE_MUN":"003","CVE_LOC":"0192","CVE_AGEB":"2360","CVE_MZA":"800","NOMGEO":"El Palo Verde","PLANO":"C","CVEOPER":"","ID_MZA":"a46370a8-6d8a-4793-9db2-2d2aa9d8999b"},"geometry":{"type":"MultiPoint","coordinates":[[-111.14412000017457,24.54386750033887]]}},{"type":"Feature","properties":{"ID_CURM":"000000000","CVEOPERORI":"000000000","CVEGEO":"0300128062633800","CVE_ENT":"03","CVE_MUN":"001","CVE_LOC":"2806","CVE_AGEB":"2633","CVE_MZA":"800","NOMGEO":"Las Palmas de San Luis","PLANO":"N","CVEOPER":"","ID_MZA":"a77536fa-8de6-4f72-93dc-78c035dc294a"},"geometry":{"type":"MultiPoint","coordinates":[[-111.289573056119,24.91171138851633]]}},{"type":"Feature","properties":{"ID_CURM":"000000000","CVEOPERORI":"000000000","CVEGEO":"0300318082360800","CVE_ENT":"03","CVE_MUN":"003","CVE_LOC":"1808","CVE_AGEB":"2360","CVE_MZA":"800","NOMGEO":"El Dorado","PLANO":"N","CVEOPER":"","ID_MZA":"a8b44973-5823-4887-88de-e489162c935f"},"geometry":{"type":"MultiPoint","coordinates":[[-111.1425708325881,24.59795083374635]]}},{"type":"Feature","properties":{"ID_CURM":"000000000","CVEOPERORI":"000000000","CVEGEO":"0300325192337800","CVE_ENT":"03","CVE_MUN":"003","CVE_LOC":"2519","CVE_AGEB":"2337","CVE_MZA":"800","NOMGEO":"El Portugués","PLANO":"N","CVEOPER":"","ID_MZA":"b010f237-d2c5-4d36-ae24-fcff55d73e93"},"geometry":{"type":"MultiPoint","coordinates":[[-110.68129166706893,24.747370000201542]]}},{"type":"Feature","properties":{"ID_CURM":"000000000","CVEOPERORI":"000000000","CVEGEO":"0300314462360800","CVE_ENT":"03","CVE_MUN":"003","CVE_LOC":"1446","CVE_AGEB":"2360","CVE_MZA":"800","NOMGEO":"La Cieneguita de Guadalupe","PLANO":"N","CVEOPER":"","ID_MZA":"b1609995-20ce-4796-899b-37769cd0cf24"},"geometry":{"type":"MultiPoint","coordinates":[[-111.17000444366799,24.793425277883312]]}},{"type":"Feature","properties":{"ID_CURM":"000000000","CVEOPERORI":"000000000","CVEGEO":"0300117192559800","CVE_ENT":"03","CVE_MUN":"001","CVE_LOC":"1719","CVE_AGEB":"2559","CVE_MZA":"800","NOMGEO":"Fernando de la Toba Lote 34","PLANO":"N","CVEOPER":"","ID_MZA":"b2390109-1fc0-430c-852d-33f90b6a64e2"},"geometry":{"type":"MultiPoint","coordinates":[[-111.72570194435005,25.210774999643608]]}},{"type":"Feature","properties":{"ID_CURM":"000000000","CVEOPERORI":"000000000","CVEGEO":"0300302512375800","CVE_ENT":"03","CVE_MUN":"003","CVE_LOC":"0251","CVE_AGEB":"2375","CVE_MZA":"800","NOMGEO":"San Fermín","PLANO":"N","CVEOPER":"","ID_MZA":"b40c8da9-af42-4916-88e9-bd84e91cbb30"},"geometry":{"type":"MultiPoint","coordinates":[[-110.94875055581461,24.491151388863088]]}},{"type":"Feature","properties":{"ID_CURM":"000000000","CVEOPERORI":"000000000","CVEGEO":"0300329092337800","CVE_ENT":"03","CVE_MUN":"003","CVE_LOC":"2909","CVE_AGEB":"2337","CVE_MZA":"800","NOMGEO":"El Tunalito","PLANO":"N","CVEOPER":"","ID_MZA":"b6febdc2-964e-45a0-871a-ca5a3182d412"},"geometry":{"type":"MultiPoint","coordinates":[[-110.9469180556415,24.979254722111037]]}},{"type":"Feature","properties":{"ID_CURM":"000000000","CVEOPERORI":"000000000","CVEGEO":"0300324192356800","CVE_ENT":"03","CVE_MUN":"003","CVE_LOC":"2419","CVE_AGEB":"2356","CVE_MZA":"800","NOMGEO":"Santa Isabel","PLANO":"N","CVEOPER":"","ID_MZA":"b82aadbc-5469-4fc0-a0de-89a2737e05e8"},"geometry":{"type":"MultiPoint","coordinates":[[-111.21184555636285,24.807810277356978]]}},{"type":"Feature","properties":{"ID_CURM":"000000000","CVEOPERORI":"000000000","CVEGEO":"0300117722559800","CVE_ENT":"03","CVE_MUN":"001","CVE_LOC":"1772","CVE_AGEB":"2559","CVE_MZA":"800","NOMGEO":"Nueva California Lote 90","PLANO":"N","CVEOPER":"","ID_MZA":"bd010167-c030-44db-b130-c09839866fa9"},"geometry":{"type":"MultiPoint","coordinates":[[-111.83178305584318,25.17043722260427]]}},{"type":"Feature","properties":{"ID_CURM":"000000000","CVEOPERORI":"000000000","CVEGEO":"0300103992633800","CVE_ENT":"03","CVE_MUN":"001","CVE_LOC":"0399","CVE_AGEB":"2633","CVE_MZA":"800","NOMGEO":"Los Achemes","PLANO":"N","CVEOPER":"","ID_MZA":"c69cb35d-6f29-47ee-884e-813e44bd03a3"},"geometry":{"type":"MultiPoint","coordinates":[[-111.20401888905026,24.93925916674976]]}},{"type":"Feature","properties":{"ID_CURM":"000000000","CVEOPERORI":"000000000","CVEGEO":"0300327812375800","CVE_ENT":"03","CVE_MUN":"003","CVE_LOC":"2781","CVE_AGEB":"2375","CVE_MZA":"800","NOMGEO":"Las Parras","PLANO":"N","CVEOPER":"","ID_MZA":"c7a9be8c-640f-4e49-bd4b-203a479cd9d4"},"geometry":{"type":"MultiPoint","coordinates":[[-110.98192166655278,24.840745833230876]]}},{"type":"Feature","properties":{"ID_CURM":"000000000","CVEOPERORI":"000000000","CVEGEO":"0300327462360800","CVE_ENT":"03","CVE_MUN":"003","CVE_LOC":"2746","CVE_AGEB":"2360","CVE_MZA":"800","NOMGEO":"El Paso de Iritú","PLANO":"N","CVEOPER":"","ID_MZA":"c9f71bfb-790b-47c2-af28-7e22fcfca7bf"},"geometry":{"type":"MultiPoint","coordinates":[[-111.18913999970233,24.781603888760028]]}},{"type":"Feature","properties":{"ID_CURM":"000000000","CVEOPERORI":"000000000","CVEGEO":"0300118962559800","CVE_ENT":"03","CVE_MUN":"001","CVE_LOC":"1896","CVE_AGEB":"2559","CVE_MZA":"800","NOMGEO":"Cuitláhuac Lote 34","PLANO":"N","CVEOPER":"","ID_MZA":"ca76e886-6d58-4b02-b7c8-fcce8d87eb1a"},"geometry":{"type":"MultiPoint","coordinates":[[-111.69246666677947,25.073508055981346]]}},{"type":"Feature","properties":{"ID_CURM":"000000000","CVEOPERORI":"000000000","CVEGEO":"0300328532360800","CVE_ENT":"03","CVE_MUN":"003","CVE_LOC":"2853","CVE_AGEB":"2360","CVE_MZA":"800","NOMGEO":"Arroyo Hondo","PLANO":"N","CVEOPER":"","ID_MZA":"cc9eeb33-59e5-4a7e-8382-adfd07c22e42"},"geometry":{"type":"MultiPoint","coordinates":[[-111.17272388853793,24.698240277541565]]}},{"type":"Feature","properties":{"ID_CURM":"000000000","CVEOPERORI":"000000000","CVEGEO":"0300107542667800","CVE_ENT":"03","CVE_MUN":"001","CVE_LOC":"0754","CVE_AGEB":"2667","CVE_MZA":"800","NOMGEO":"San Vicente","PLANO":"N","CVEOPER":"","ID_MZA":"cd6d0ee5-3532-4f34-b8df-0cbeb68828be"},"geometry":{"type":"MultiPoint","coordinates":[[-111.97976499994316,25.033456388828863]]}},{"type":"Feature","properties":{"ID_CURM":"000000000","CVEOPERORI":"000000000","CVEGEO":"0300118422559800","CVE_ENT":"03","CVE_MUN":"001","CVE_LOC":"1842","CVE_AGEB":"2559","CVE_MZA":"800","NOMGEO":"Nueva California Lote 62","PLANO":"N","CVEOPER":"","ID_MZA":"cf6cb6d9-0d12-4390-bae0-e0a68d497318"},"geometry":{"type":"MultiPoint","coordinates":[[-111.79247583306977,25.1343222223479]]}},{"type":"Feature","properties":{"ID_CURM":"000000000","CVEOPERORI":"000000000","CVEGEO":"0300331662337800","CVE_ENT":"03","CVE_MUN":"003","CVE_LOC":"3166","CVE_AGEB":"2337","CVE_MZA":"800","NOMGEO":"La Bajadita","PLANO":"N","CVEOPER":"","ID_MZA":"d3432f07-d1ea-4afe-ae63-279fe892565c"},"geometry":{"type":"MultiPoint","coordinates":[[-110.9412108325733,24.612135555745766]]}},{"type":"Feature","properties":{"ID_CURM":"000000000","CVEOPERORI":"000000000","CVEGEO":"0300330012360800","CVE_ENT":"03","CVE_MUN":"003","CVE_LOC":"3001","CVE_AGEB":"2360","CVE_MZA":"800","NOMGEO":"San Pablito","PLANO":"N","CVEOPER":"","ID_MZA":"d41481aa-0d64-46cd-8515-4ee71d0a074e"},"geometry":{"type":"MultiPoint","coordinates":[[-111.10750444406492,24.82888305541004]]}},{"type":"Feature","properties":{"ID_CURM":"000000000","CVEOPERORI":"000000000","CVEGEO":"0300319262500800","CVE_ENT":"03","CVE_MUN":"003","CVE_LOC":"1926","CVE_AGEB":"2500","CVE_MZA":"800","NOMGEO":"San Agustín","PLANO":"N","CVEOPER":"","ID_MZA":"d48392b3-a33a-47ea-a96b-7c5a091b6ca1"},"geometry":{"type":"MultiPoint","coordinates":[[-110.92191500021958,24.16099222229178]]}},{"type":"Feature","properties":{"ID_CURM":"000000000","CVEOPERORI":"000000000","CVEGEO":"0300309542356800","CVE_ENT":"03","CVE_MUN":"003","CVE_LOC":"0954","CVE_AGEB":"2356","CVE_MZA":"800","NOMGEO":"Kilómetro 128","PLANO":"N","CVEOPER":"","ID_MZA":"d4f75222-34f6-44eb-a78b-ed25f29cfc74"},"geometry":{"type":"MultiPoint","coordinates":[[-111.22072416689846,24.466312499665666]]}},{"type":"Feature","properties":{"ID_CURM":"000000000","CVEOPERORI":"000000000","CVEGEO":"0300101812633800","CVE_ENT":"03","CVE_MUN":"001","CVE_LOC":"0181","CVE_AGEB":"2633","CVE_MZA":"800","NOMGEO":"El Ojo de Agua","PLANO":"N","CVEOPER":"","ID_MZA":"d5734016-f7bb-4e0d-a078-498e301c75d2"},"geometry":{"type":"MultiPoint","coordinates":[[-111.34197333258398,24.965586667068777]]}},{"type":"Feature","properties":{"ID_CURM":"000000000","CVEOPERORI":"000000000","CVEGEO":"0300117932559800","CVE_ENT":"03","CVE_MUN":"001","CVE_LOC":"1793","CVE_AGEB":"2559","CVE_MZA":"800","NOMGEO":"Nueva California Lote 45","PLANO":"N","CVEOPER":"","ID_MZA":"db16f264-91df-4b40-8b48-9f1142993335"},"geometry":{"type":"MultiPoint","coordinates":[[-111.76252722238758,25.093466944652533]]}},{"type":"Feature","properties":{"ID_CURM":"000000000","CVEOPERORI":"000000000","CVEGEO":"0300128032633800","CVE_ENT":"03","CVE_MUN":"001","CVE_LOC":"2803","CVE_AGEB":"2633","CVE_MZA":"800","NOMGEO":"El Pedregal de San Luis","PLANO":"N","CVEOPER":"","ID_MZA":"de772da1-0169-4cc2-9fbc-7cbd4ccc95dd"},"geometry":{"type":"MultiPoint","coordinates":[[-111.30168111096482,24.957648888727306]]}},{"type":"Feature","properties":{"ID_CURM":"000000000","CVEOPERORI":"000000000","CVEGEO":"0300331462360800","CVE_ENT":"03","CVE_MUN":"003","CVE_LOC":"3146","CVE_AGEB":"2360","CVE_MZA":"800","NOMGEO":"San Judas","PLANO":"N","CVEOPER":"","ID_MZA":"e0cc7386-a755-43ba-9ad9-ece438fb26be"},"geometry":{"type":"MultiPoint","coordinates":[[-111.1407086107246,24.542423610869534]]}},{"type":"Feature","properties":{"ID_CURM":"000000000","CVEOPERORI":"000000000","CVEGEO":"0300312992356800","CVE_ENT":"03","CVE_MUN":"003","CVE_LOC":"1299","CVE_AGEB":"2356","CVE_MZA":"800","NOMGEO":"Dos de Abril (Buenavista)","PLANO":"N","CVEOPER":"","ID_MZA":"e184cf72-dec7-4b5d-819d-e26dc77a1339"},"geometry":{"type":"MultiPoint","coordinates":[[-111.21094055596188,24.36988888849384]]}},{"type":"Feature","properties":{"ID_CURM":"000000000","CVEOPERORI":"000000000","CVEGEO":"0300118732559800","CVE_ENT":"03","CVE_MUN":"001","CVE_LOC":"1873","CVE_AGEB":"2559","CVE_MZA":"800","NOMGEO":"Revolución Mexicana Lote 94","PLANO":"N","CVEOPER":"","ID_MZA":"e68af1f3-d154-4107-ad6e-b32e5b4afea9"},"geometry":{"type":"MultiPoint","coordinates":[[-111.6419411109881,24.987551111142025]]}},{"type":"Feature","properties":{"ID_CURM":"000000000","CVEOPERORI":"000000000","CVEGEO":"0300116332559800","CVE_ENT":"03","CVE_MUN":"001","CVE_LOC":"1633","CVE_AGEB":"2559","CVE_MZA":"800","NOMGEO":"Fernando de la Toba Lote 54","PLANO":"N","CVEOPER":"","ID_MZA":"e92783c0-de47-43f3-9398-23bc5e0a06ed"},"geometry":{"type":"MultiPoint","coordinates":[[-111.70382055602708,25.224153055227514]]}},{"type":"Feature","properties":{"ID_CURM":"000000000","CVEOPERORI":"000000000","CVEGEO":"0300118792559800","CVE_ENT":"03","CVE_MUN":"001","CVE_LOC":"1879","CVE_AGEB":"2559","CVE_MZA":"800","NOMGEO":"Emiliano Zapata Lote 2-B","PLANO":"N","CVEOPER":"","ID_MZA":"ea9a8773-13cb-4a44-a8bc-bc9b5665a158"},"geometry":{"type":"MultiPoint","coordinates":[[-111.68937416676975,25.03874333356585]]}},{"type":"Feature","properties":{"ID_CURM":"000000000","CVEOPERORI":"000000000","CVEGEO":"0300116772559800","CVE_ENT":"03","CVE_MUN":"001","CVE_LOC":"1677","CVE_AGEB":"2559","CVE_MZA":"800","NOMGEO":"Fernando de la Toba Lote 17","PLANO":"N","CVEOPER":"","ID_MZA":"eb3df830-6734-4e6b-bb1f-0ced45d046c9"},"geometry":{"type":"MultiPoint","coordinates":[[-111.69710222221241,25.186786943984572]]}},{"type":"Feature","properties":{"ID_CURM":"000000000","CVEOPERORI":"000000000","CVEGEO":"0300316332854800","CVE_ENT":"03","CVE_MUN":"003","CVE_LOC":"1633","CVE_AGEB":"2854","CVE_MZA":"800","NOMGEO":"Los Sauces","PLANO":"N","CVEOPER":"","ID_MZA":"ee4ff060-3e5c-40de-8fe4-039edd9665f6"},"geometry":{"type":"MultiPoint","coordinates":[[-110.95865972212913,24.381520278233936]]}},{"type":"Feature","properties":{"ID_CURM":"000000000","CVEOPERORI":"000000000","CVEGEO":"0300316792445800","CVE_ENT":"03","CVE_MUN":"003","CVE_LOC":"1679","CVE_AGEB":"2445","CVE_MZA":"800","NOMGEO":"Las Parcelas","PLANO":"N","CVEOPER":"","ID_MZA":"eeed4341-712e-4fae-9086-98c7c00a4c17"},"geometry":{"type":"MultiPoint","coordinates":[[-110.52121861063877,24.18962694475591]]}},{"type":"Feature","properties":{"ID_CURM":"000000000","CVEOPERORI":"000000000","CVEGEO":"0300309462337800","CVE_ENT":"03","CVE_MUN":"003","CVE_LOC":"0946","CVE_AGEB":"2337","CVE_MZA":"800","NOMGEO":"Agua del Barro","PLANO":"N","CVEOPER":"","ID_MZA":"efad48c1-8a1e-4fe9-b604-ff59f75ebcb1"},"geometry":{"type":"MultiPoint","coordinates":[[-110.82781000043292,24.76123305541371]]}},{"type":"Feature","properties":{"ID_CURM":"000000000","CVEOPERORI":"000000000","CVEGEO":"0300116552559800","CVE_ENT":"03","CVE_MUN":"001","CVE_LOC":"1655","CVE_AGEB":"2559","CVE_MZA":"800","NOMGEO":"La Laguna Lote 52","PLANO":"N","CVEOPER":"","ID_MZA":"f1c9e83c-a14c-427f-95cf-28f85e4b303d"},"geometry":{"type":"MultiPoint","coordinates":[[-111.82207944378331,25.24803583286189]]}},{"type":"Feature","properties":{"ID_CURM":"000000000","CVEOPERORI":"000000000","CVEGEO":"0300319992375800","CVE_ENT":"03","CVE_MUN":"003","CVE_LOC":"1999","CVE_AGEB":"2375","CVE_MZA":"800","NOMGEO":"San Isidro","PLANO":"N","CVEOPER":"","ID_MZA":"f36122bc-1180-4501-b316-3b615eabe83f"},"geometry":{"type":"MultiPoint","coordinates":[[-110.9628963889948,24.482136388645415]]}},{"type":"Feature","properties":{"ID_CURM":"000000000","CVEOPERORI":"000000000","CVEGEO":"0300104882633800","CVE_ENT":"03","CVE_MUN":"001","CVE_LOC":"0488","CVE_AGEB":"2633","CVE_MZA":"800","NOMGEO":"Cuedas","PLANO":"C","CVEOPER":"","ID_MZA":"f7a1bb7a-a6c2-4a14-adf2-2243d74045f4"},"geometry":{"type":"MultiPoint","coordinates":[[-111.24979194369283,24.901186667052045]]}},{"type":"Feature","properties":{"ID_CURM":"000000000","CVEOPERORI":"000000000","CVEGEO":"0300329702375800","CVE_ENT":"03","CVE_MUN":"003","CVE_LOC":"2970","CVE_AGEB":"2375","CVE_MZA":"800","NOMGEO":"Mesa de la Carrera","PLANO":"N","CVEOPER":"","ID_MZA":"f8d0db06-846c-49f1-9b15-c2fd0b3a77bb"},"geometry":{"type":"MultiPoint","coordinates":[[-111.0295486112825,24.484027222182174]]}},{"type":"Feature","properties":{"ID_CURM":"000000000","CVEOPERORI":"000000000","CVEGEO":"0300107902633800","CVE_ENT":"03","CVE_MUN":"001","CVE_LOC":"0790","CVE_AGEB":"2633","CVE_MZA":"800","NOMGEO":"El Carricito","PLANO":"C","CVEOPER":"","ID_MZA":"fa5bc299-7b71-49b2-8723-053867e0bfba"},"geometry":{"type":"MultiPoint","coordinates":[[-111.19237972234644,24.94151416668914]]}}]}