{"type":"FeatureCollection","crs": { "type": "name", "properties": { "name": "urn:ogc:def:crs:EPSG::4326" } },"features":[{"type":"Feature","properties":{"ID_CURM":"000000000","CVEOPERORI":"000000000","CVEGEO":"0300310212498800","CVE_ENT":"03","CVE_MUN":"003","CVE_LOC":"1021","CVE_AGEB":"2498","CVE_MZA":"800","NOMGEO":"Los Ángeles","PLANO":"C","CVEOPER":"","ID_MZA":"04b7341b-7a74-45b4-ac63-4efd57ce2850"},"geometry":{"type":"MultiPoint","coordinates":[[-109.99373305627748,23.981190833018307]]}},{"type":"Feature","properties":{"ID_CURM":"000000000","CVEOPERORI":"000000000","CVEGEO":"0300332932464800","CVE_ENT":"03","CVE_MUN":"003","CVE_LOC":"3293","CVE_AGEB":"2464","CVE_MZA":"800","NOMGEO":"El Espíritu","PLANO":"N","CVEOPER":"","ID_MZA":"0c362f0b-1f97-4919-b931-d92037ad5b02"},"geometry":{"type":"MultiPoint","coordinates":[[-110.25890500034166,24.182226388545143]]}},{"type":"Feature","properties":{"ID_CURM":"000000000","CVEOPERORI":"000000000","CVEGEO":"0300301432568800","CVE_ENT":"03","CVE_MUN":"003","CVE_LOC":"0143","CVE_AGEB":"2568","CVE_MZA":"800","NOMGEO":"La Huerta","PLANO":"N","CVEOPER":"","ID_MZA":"0d6af1c4-a4a0-4b95-80c0-673e7d9c1a93"},"geometry":{"type":"MultiPoint","coordinates":[[-110.16507500028472,24.055231110867066]]}},{"type":"Feature","properties":{"ID_CURM":"000000000","CVEOPERORI":"000000000","CVEGEO":"0300326502695800","CVE_ENT":"03","CVE_MUN":"003","CVE_LOC":"2650","CVE_AGEB":"2695","CVE_MZA":"800","NOMGEO":"La Chacuaca","PLANO":"N","CVEOPER":"","ID_MZA":"1dd05365-b7b8-436e-8bd3-cf86142454c5"},"geometry":{"type":"MultiPoint","coordinates":[[-109.9347430557331,23.909557499930326]]}},{"type":"Feature","properties":{"ID_CURM":"000000000","CVEOPERORI":"000000000","CVEGEO":"0300323072464800","CVE_ENT":"03","CVE_MUN":"003","CVE_LOC":"2307","CVE_AGEB":"2464","CVE_MZA":"800","NOMGEO":"El Nueve","PLANO":"C","CVEOPER":"","ID_MZA":"20ab5002-af2c-4797-afef-ea973620c39d"},"geometry":{"type":"MultiPoint","coordinates":[[-110.23736833302958,24.090953055836945]]}},{"type":"Feature","properties":{"ID_CURM":"000000000","CVEOPERORI":"000000000","CVEGEO":"0300318142591800","CVE_ENT":"03","CVE_MUN":"003","CVE_LOC":"1814","CVE_AGEB":"2591","CVE_MZA":"800","NOMGEO":"El Fundador","PLANO":"N","CVEOPER":"","ID_MZA":"24f152c0-4c48-4ade-976d-0278196909d5"},"geometry":{"type":"MultiPoint","coordinates":[[-109.90672027753159,23.950964721922055]]}},{"type":"Feature","properties":{"ID_CURM":"000000000","CVEOPERORI":"000000000","CVEGEO":"0300322882591800","CVE_ENT":"03","CVE_MUN":"003","CVE_LOC":"2288","CVE_AGEB":"2591","CVE_MZA":"800","NOMGEO":"Tres Palmas (Ejido San Vicente)","PLANO":"N","CVEOPER":"","ID_MZA":"3b2e65d3-3d43-45cf-9a40-b72e6239c4c8"},"geometry":{"type":"MultiPoint","coordinates":[[-109.9513083334644,23.945396944069834]]}},{"type":"Feature","properties":{"ID_CURM":"000000000","CVEOPERORI":"000000000","CVEGEO":"0300310442591800","CVE_ENT":"03","CVE_MUN":"003","CVE_LOC":"1044","CVE_AGEB":"2591","CVE_MZA":"800","NOMGEO":"Las Carpas","PLANO":"N","CVEOPER":"","ID_MZA":"3e37249a-e652-4953-b2f4-6dbe3c3995e0"},"geometry":{"type":"MultiPoint","coordinates":[[-109.89638916705138,23.948018333174005]]}},{"type":"Feature","properties":{"ID_CURM":"000000000","CVEOPERORI":"000000000","CVEGEO":"0300322562591800","CVE_ENT":"03","CVE_MUN":"003","CVE_LOC":"2256","CVE_AGEB":"2591","CVE_MZA":"800","NOMGEO":"Callejón 3 Palmas","PLANO":"N","CVEOPER":"","ID_MZA":"4ec07d00-c422-4e1d-bcc1-7ccf41371798"},"geometry":{"type":"MultiPoint","coordinates":[[-109.94321250007168,23.959877500285675]]}},{"type":"Feature","properties":{"ID_CURM":"000000000","CVEOPERORI":"000000000","CVEGEO":"0300308802591800","CVE_ENT":"03","CVE_MUN":"003","CVE_LOC":"0880","CVE_AGEB":"2591","CVE_MZA":"800","NOMGEO":"La Soledad","PLANO":"N","CVEOPER":"","ID_MZA":"595cbb9e-fcdd-491c-a147-6e21c9cd5bd1"},"geometry":{"type":"MultiPoint","coordinates":[[-109.99817250015512,23.95768972179192]]}},{"type":"Feature","properties":{"ID_CURM":"000000000","CVEOPERORI":"000000000","CVEGEO":"0300305032587800","CVE_ENT":"03","CVE_MUN":"003","CVE_LOC":"0503","CVE_AGEB":"2587","CVE_MZA":"800","NOMGEO":"San Fermín (La Cuesta)","PLANO":"N","CVEOPER":"","ID_MZA":"628232c1-4885-47cf-8e51-8e30e4be46f9"},"geometry":{"type":"MultiPoint","coordinates":[[-110.05880833281367,24.01076972223375]]}},{"type":"Feature","properties":{"ID_CURM":"000000000","CVEOPERORI":"000000000","CVEGEO":"0300312622587800","CVE_ENT":"03","CVE_MUN":"003","CVE_LOC":"1262","CVE_AGEB":"2587","CVE_MZA":"800","NOMGEO":"La Parra","PLANO":"N","CVEOPER":"","ID_MZA":"68fa63d8-7c65-455b-b247-7ad1029a540c"},"geometry":{"type":"MultiPoint","coordinates":[[-110.12071499996387,23.979671666561458]]}},{"type":"Feature","properties":{"ID_CURM":"000000000","CVEOPERORI":"000000000","CVEGEO":"0300315322587800","CVE_ENT":"03","CVE_MUN":"003","CVE_LOC":"1532","CVE_AGEB":"2587","CVE_MZA":"800","NOMGEO":"El Palacio","PLANO":"N","CVEOPER":"","ID_MZA":"6a7cc69f-213e-441c-bd42-65916010e861"},"geometry":{"type":"MultiPoint","coordinates":[[-110.13118222237458,24.046008889257983]]}},{"type":"Feature","properties":{"ID_CURM":"000000000","CVEOPERORI":"000000000","CVEGEO":"0300313212591800","CVE_ENT":"03","CVE_MUN":"003","CVE_LOC":"1321","CVE_AGEB":"2591","CVE_MZA":"800","NOMGEO":"La Fortuna","PLANO":"N","CVEOPER":"","ID_MZA":"6bdd9037-b7a8-47a5-aab6-68f8947fd145"},"geometry":{"type":"MultiPoint","coordinates":[[-109.90512722179609,23.94800472244322]]}},{"type":"Feature","properties":{"ID_CURM":"000000000","CVEOPERORI":"000000000","CVEGEO":"0300306052572800","CVE_ENT":"03","CVE_MUN":"003","CVE_LOC":"0605","CVE_AGEB":"2572","CVE_MZA":"800","NOMGEO":"Matancitas","PLANO":"N","CVEOPER":"","ID_MZA":"7d55beab-eea9-4b1e-9c12-efd8de2ce51f"},"geometry":{"type":"MultiPoint","coordinates":[[-110.16021722235989,24.003171667088154]]}},{"type":"Feature","properties":{"ID_CURM":"000000000","CVEOPERORI":"000000000","CVEGEO":"0300321892464800","CVE_ENT":"03","CVE_MUN":"003","CVE_LOC":"2189","CVE_AGEB":"2464","CVE_MZA":"800","NOMGEO":"Laguna Seca [Fraccionamiento]","PLANO":"C","CVEOPER":"","ID_MZA":"7f8ac120-4b62-489c-b996-9e249cbdbc97"},"geometry":{"type":"MultiPoint","coordinates":[[-110.26155583281393,24.186348055991395]]}},{"type":"Feature","properties":{"ID_CURM":"000000000","CVEOPERORI":"000000000","CVEGEO":"0300323622464800","CVE_ENT":"03","CVE_MUN":"003","CVE_LOC":"2362","CVE_AGEB":"2464","CVE_MZA":"800","NOMGEO":"El Palomo","PLANO":"N","CVEOPER":"","ID_MZA":"82d4eb5d-b977-44ad-9c43-a65300731e15"},"geometry":{"type":"MultiPoint","coordinates":[[-110.30012638853546,24.239262221831897]]}},{"type":"Feature","properties":{"ID_CURM":"000000000","CVEOPERORI":"000000000","CVEGEO":"0300316442464800","CVE_ENT":"03","CVE_MUN":"003","CVE_LOC":"1644","CVE_AGEB":"2464","CVE_MZA":"800","NOMGEO":"Las Tablitas","PLANO":"N","CVEOPER":"","ID_MZA":"86771482-20f9-4238-858c-7339a5b5f7d0"},"geometry":{"type":"MultiPoint","coordinates":[[-110.21711444420606,24.156311944767296]]}},{"type":"Feature","properties":{"ID_CURM":"000000000","CVEOPERORI":"000000000","CVEGEO":"0300322872591800","CVE_ENT":"03","CVE_MUN":"003","CVE_LOC":"2287","CVE_AGEB":"2591","CVE_MZA":"800","NOMGEO":"Ejido San Vicente Grupo 8-A","PLANO":"N","CVEOPER":"","ID_MZA":"8a6718df-bbf6-4599-87b3-dda8716ae0c8"},"geometry":{"type":"MultiPoint","coordinates":[[-109.94172777780076,23.94111083300046]]}},{"type":"Feature","properties":{"ID_CURM":"000000000","CVEOPERORI":"000000000","CVEGEO":"0300314102464800","CVE_ENT":"03","CVE_MUN":"003","CVE_LOC":"1410","CVE_AGEB":"2464","CVE_MZA":"800","NOMGEO":"La Buena Mujer","PLANO":"N","CVEOPER":"","ID_MZA":"9537657b-62ab-481d-9bf6-8b15b632b5f2"},"geometry":{"type":"MultiPoint","coordinates":[[-110.19412833286212,24.08669722235892]]}},{"type":"Feature","properties":{"ID_CURM":"000000000","CVEOPERORI":"000000000","CVEGEO":"0300327842411800","CVE_ENT":"03","CVE_MUN":"003","CVE_LOC":"2784","CVE_AGEB":"2411","CVE_MZA":"800","NOMGEO":"Los Naranjos","PLANO":"N","CVEOPER":"","ID_MZA":"9b89a5f0-74ab-4190-a4f1-ea0b18aa2c2c"},"geometry":{"type":"MultiPoint","coordinates":[[-110.25167916661485,24.286730277734925]]}},{"type":"Feature","properties":{"ID_CURM":"000000000","CVEOPERORI":"000000000","CVEGEO":"0300330592464800","CVE_ENT":"03","CVE_MUN":"003","CVE_LOC":"3059","CVE_AGEB":"2464","CVE_MZA":"800","NOMGEO":"La Montaña","PLANO":"N","CVEOPER":"","ID_MZA":"a3d7282b-fad0-4b71-ad15-083b32dfb9a7"},"geometry":{"type":"MultiPoint","coordinates":[[-110.25918388882098,24.13907388866751]]}},{"type":"Feature","properties":{"ID_CURM":"000000000","CVEOPERORI":"000000000","CVEGEO":"0300318232479800","CVE_ENT":"03","CVE_MUN":"003","CVE_LOC":"1823","CVE_AGEB":"2479","CVE_MZA":"800","NOMGEO":"El Retiro [Granja]","PLANO":"N","CVEOPER":"","ID_MZA":"b30be036-e650-4e68-8564-25a377234fd2"},"geometry":{"type":"MultiPoint","coordinates":[[-110.25506222176138,24.211218888822927]]}},{"type":"Feature","properties":{"ID_CURM":"000000000","CVEOPERORI":"000000000","CVEGEO":"0300327282591800","CVE_ENT":"03","CVE_MUN":"003","CVE_LOC":"2728","CVE_AGEB":"2591","CVE_MZA":"800","NOMGEO":"El Manantial","PLANO":"N","CVEOPER":"","ID_MZA":"be6632b7-40b1-47eb-b4e9-80802e2a5147"},"geometry":{"type":"MultiPoint","coordinates":[[-109.94587249962498,23.95072499966079]]}},{"type":"Feature","properties":{"ID_CURM":"000000000","CVEOPERORI":"000000000","CVEGEO":"0300319572411800","CVE_ENT":"03","CVE_MUN":"003","CVE_LOC":"1957","CVE_AGEB":"2411","CVE_MZA":"800","NOMGEO":"Tiluya","PLANO":"N","CVEOPER":"","ID_MZA":"c1740049-3e04-4f84-979b-02fe01dece71"},"geometry":{"type":"MultiPoint","coordinates":[[-110.25239861142968,24.269267221760366]]}},{"type":"Feature","properties":{"ID_CURM":"000000000","CVEOPERORI":"000000000","CVEGEO":"0300313162572800","CVE_ENT":"03","CVE_MUN":"003","CVE_LOC":"1316","CVE_AGEB":"2572","CVE_MZA":"800","NOMGEO":"La Escondida","PLANO":"N","CVEOPER":"","ID_MZA":"c93d82df-5dbf-4df0-8e14-5acc15d0852a"},"geometry":{"type":"MultiPoint","coordinates":[[-110.15574444375818,23.998319722530415]]}},{"type":"Feature","properties":{"ID_CURM":"000000000","CVEOPERORI":"000000000","CVEGEO":"0300330292479800","CVE_ENT":"03","CVE_MUN":"003","CVE_LOC":"3029","CVE_AGEB":"2479","CVE_MZA":"800","NOMGEO":"La Flecha de los Marrón","PLANO":"N","CVEOPER":"","ID_MZA":"d34aaaf4-c279-4cbe-8561-15b4cbf6c9b3"},"geometry":{"type":"MultiPoint","coordinates":[[-110.25639666703339,24.182492500351138]]}},{"type":"Feature","properties":{"ID_CURM":"000000000","CVEOPERORI":"000000000","CVEGEO":"0300321952464800","CVE_ENT":"03","CVE_MUN":"003","CVE_LOC":"2195","CVE_AGEB":"2464","CVE_MZA":"800","NOMGEO":"El Cachanilla","PLANO":"N","CVEOPER":"","ID_MZA":"ed36d1cf-0dac-4a5b-b703-16ba76a02452"},"geometry":{"type":"MultiPoint","coordinates":[[-110.22934333342036,24.086385277592015]]}},{"type":"Feature","properties":{"ID_CURM":"000000000","CVEOPERORI":"000000000","CVEGEO":"0300323132591800","CVE_ENT":"03","CVE_MUN":"003","CVE_LOC":"2313","CVE_AGEB":"2591","CVE_MZA":"800","NOMGEO":"El Milagro","PLANO":"N","CVEOPER":"","ID_MZA":"f928908a-1e88-479b-b613-35462e636cad"},"geometry":{"type":"MultiPoint","coordinates":[[-109.94504972159268,23.96822111122383]]}}]}