{"type":"FeatureCollection","crs": { "type": "name", "properties": { "name": "urn:ogc:def:crs:EPSG::4326" } },"features":[{"type":"Feature","properties":{"ID_CURM":"000000000","CVEOPERORI":"000000000","CVEGEO":"1904900790025800","CVE_ENT":"19","CVE_MUN":"049","CVE_LOC":"0079","CVE_AGEB":"0025","CVE_MZA":"800","NOMGEO":"Las Tablas","PLANO":"N","CVEOPER":"","ID_MZA":"03f38169-c425-4bcd-ae7d-e6d7a4931b12"},"geometry":{"type":"MultiPoint","coordinates":[[-100.43366611051141,25.3800352775666]]}},{"type":"Feature","properties":{"ID_CURM":"000000000","CVEOPERORI":"000000000","CVEGEO":"1904900350025800","CVE_ENT":"19","CVE_MUN":"049","CVE_LOC":"0035","CVE_AGEB":"0025","CVE_MZA":"800","NOMGEO":"San Antonio","PLANO":"C","CVEOPER":"","ID_MZA":"1d8ae4ee-6351-4437-815e-d54cbbe13460"},"geometry":{"type":"MultiPoint","coordinates":[[-100.42794277759108,25.35708111117317]]}},{"type":"Feature","properties":{"ID_CURM":"000000000","CVEOPERORI":"000000000","CVEGEO":"1904901110400800","CVE_ENT":"19","CVE_MUN":"049","CVE_LOC":"0111","CVE_AGEB":"0400","CVE_MZA":"800","NOMGEO":"El Hondable","PLANO":"N","CVEOPER":"","ID_MZA":"24ec4508-b707-4286-8f82-b4d11a3a4180"},"geometry":{"type":"MultiPoint","coordinates":[[-100.24040972215366,25.28642638891738]]}},{"type":"Feature","properties":{"ID_CURM":"000000000","CVEOPERORI":"000000000","CVEGEO":"1904900140025800","CVE_ENT":"19","CVE_MUN":"049","CVE_LOC":"0014","CVE_AGEB":"0025","CVE_MZA":"800","NOMGEO":"El Chupadero","PLANO":"C","CVEOPER":"","ID_MZA":"276f61c6-fcc6-417c-9b99-965df327e7cd"},"geometry":{"type":"MultiPoint","coordinates":[[-100.4534419442629,25.35711666639976]]}},{"type":"Feature","properties":{"ID_CURM":"000000000","CVEOPERORI":"000000000","CVEGEO":"1904900120415800","CVE_ENT":"19","CVE_MUN":"049","CVE_LOC":"0012","CVE_AGEB":"0415","CVE_MZA":"800","NOMGEO":"Corral de Palos","PLANO":"N","CVEOPER":"","ID_MZA":"4dcd9723-eafe-4a41-8577-811cf78fdd9b"},"geometry":{"type":"MultiPoint","coordinates":[[-100.14951916711654,25.31771916707841]]}},{"type":"Feature","properties":{"ID_CURM":"000000000","CVEOPERORI":"000000000","CVEGEO":"1904900780025800","CVE_ENT":"19","CVE_MUN":"049","CVE_LOC":"0078","CVE_AGEB":"0025","CVE_MZA":"800","NOMGEO":"Las Adjuntas","PLANO":"C","CVEOPER":"","ID_MZA":"65c8bf27-03e7-40e1-aa45-605eee625535"},"geometry":{"type":"MultiPoint","coordinates":[[-100.43549444358688,25.36946944407828]]}},{"type":"Feature","properties":{"ID_CURM":"000000000","CVEOPERORI":"000000000","CVEGEO":"1904900380025800","CVE_ENT":"19","CVE_MUN":"049","CVE_LOC":"0038","CVE_AGEB":"0025","CVE_MZA":"800","NOMGEO":"San José","PLANO":"C","CVEOPER":"","ID_MZA":"695f1972-4fe2-4d09-bcda-cfb2d193b576"},"geometry":{"type":"MultiPoint","coordinates":[[-100.42539388915118,25.36834805589252]]}},{"type":"Feature","properties":{"ID_CURM":"000000000","CVEOPERORI":"000000000","CVEGEO":"1904901850400800","CVE_ENT":"19","CVE_MUN":"049","CVE_LOC":"0185","CVE_AGEB":"0400","CVE_MZA":"800","NOMGEO":"Las Lagunillas","PLANO":"N","CVEOPER":"","ID_MZA":"97f47681-a568-40d3-ace9-cd709b68dbe3"},"geometry":{"type":"MultiPoint","coordinates":[[-100.21937194353318,25.270021388970108]]}},{"type":"Feature","properties":{"ID_CURM":"000000000","CVEOPERORI":"000000000","CVEGEO":"1904900320025800","CVE_ENT":"19","CVE_MUN":"049","CVE_LOC":"0032","CVE_AGEB":"0025","CVE_MZA":"800","NOMGEO":"El Roble","PLANO":"N","CVEOPER":"","ID_MZA":"a1a88eb0-f5fc-4f79-acdf-15b4d57830ec"},"geometry":{"type":"MultiPoint","coordinates":[[-100.45578472212617,25.363030833674852]]}},{"type":"Feature","properties":{"ID_CURM":"000000000","CVEOPERORI":"000000000","CVEGEO":"1904902310415800","CVE_ENT":"19","CVE_MUN":"049","CVE_LOC":"0231","CVE_AGEB":"0415","CVE_MZA":"800","NOMGEO":"Comalilla","PLANO":"N","CVEOPER":"","ID_MZA":"ad6e6528-2b3c-45b0-a31f-ef8005738be1"},"geometry":{"type":"MultiPoint","coordinates":[[-100.12384777785546,25.355584166366068]]}},{"type":"Feature","properties":{"ID_CURM":"000000000","CVEOPERORI":"000000000","CVEGEO":"1904900130415800","CVE_ENT":"19","CVE_MUN":"049","CVE_LOC":"0013","CVE_AGEB":"0415","CVE_MZA":"800","NOMGEO":"Corral de Piedra","PLANO":"C","CVEOPER":"","ID_MZA":"bf42fc56-d6c7-47c6-9b7e-01d31bc25914"},"geometry":{"type":"MultiPoint","coordinates":[[-100.15922694434055,25.326358055813177]]}},{"type":"Feature","properties":{"ID_CURM":"000000000","CVEOPERORI":"000000000","CVEGEO":"1904900770025800","CVE_ENT":"19","CVE_MUN":"049","CVE_LOC":"0077","CVE_AGEB":"0025","CVE_MZA":"800","NOMGEO":"El Vergel","PLANO":"N","CVEOPER":"","ID_MZA":"e526a4e6-195e-4015-96b1-d88c0e9a4130"},"geometry":{"type":"MultiPoint","coordinates":[[-100.45269361112334,25.362871388647058]]}},{"type":"Feature","properties":{"ID_CURM":"000000000","CVEOPERORI":"000000000","CVEGEO":"1904900180025800","CVE_ENT":"19","CVE_MUN":"049","CVE_LOC":"0018","CVE_AGEB":"0025","CVE_MZA":"800","NOMGEO":"La Jacinta (El Álamo)","PLANO":"C","CVEOPER":"","ID_MZA":"fe190e36-98b6-49df-9de4-917a2e96b606"},"geometry":{"type":"MultiPoint","coordinates":[[-100.44844555583732,25.3650811115002]]}}]}