{"type":"FeatureCollection","crs": { "type": "name", "properties": { "name": "urn:ogc:def:crs:EPSG::4326" } },"features":[{"type":"Feature","properties":{"ID_CURM":"000000000","CVEOPERORI":"000000000","CVEGEO":"030032661245A800","CVE_ENT":"03","CVE_MUN":"003","CVE_LOC":"2661","CVE_AGEB":"245A","CVE_MZA":"800","NOMGEO":"El Encadenado","PLANO":"N","CVEOPER":"","ID_MZA":"19b47c8e-b423-429f-b492-58533ea680de"},"geometry":{"type":"MultiPoint","coordinates":[[-110.3769652781208,24.02144000011637]]}},{"type":"Feature","properties":{"ID_CURM":"000000000","CVEOPERORI":"000000000","CVEGEO":"030032066245A800","CVE_ENT":"03","CVE_MUN":"003","CVE_LOC":"2066","CVE_AGEB":"245A","CVE_MZA":"800","NOMGEO":"El Datilar","PLANO":"N","CVEOPER":"","ID_MZA":"2d4d71e9-204f-4e61-bf8f-87ad64e621fe"},"geometry":{"type":"MultiPoint","coordinates":[[-110.39961249953294,24.018909166419057]]}},{"type":"Feature","properties":{"ID_CURM":"000000000","CVEOPERORI":"000000000","CVEGEO":"030032599245A800","CVE_ENT":"03","CVE_MUN":"003","CVE_LOC":"2599","CVE_AGEB":"245A","CVE_MZA":"800","NOMGEO":"La Ceiba","PLANO":"N","CVEOPER":"","ID_MZA":"2efb7fae-cc2c-4472-8451-7e59276693e0"},"geometry":{"type":"MultiPoint","coordinates":[[-110.38400638865262,24.04518527755048]]}},{"type":"Feature","properties":{"ID_CURM":"000000000","CVEOPERORI":"000000000","CVEGEO":"030031586245A800","CVE_ENT":"03","CVE_MUN":"003","CVE_LOC":"1586","CVE_AGEB":"245A","CVE_MZA":"800","NOMGEO":"San Carlos","PLANO":"N","CVEOPER":"","ID_MZA":"34b9c147-04e9-40c1-a164-b7785f054c44"},"geometry":{"type":"MultiPoint","coordinates":[[-110.34986027842663,24.088201944217925]]}},{"type":"Feature","properties":{"ID_CURM":"000000000","CVEOPERORI":"000000000","CVEGEO":"030032167245A800","CVE_ENT":"03","CVE_MUN":"003","CVE_LOC":"2167","CVE_AGEB":"245A","CVE_MZA":"800","NOMGEO":"Santa Eduwiges","PLANO":"N","CVEOPER":"","ID_MZA":"87fa2d21-bd28-43a6-b729-99a7130b1e61"},"geometry":{"type":"MultiPoint","coordinates":[[-110.39904111145049,24.077710555979387]]}},{"type":"Feature","properties":{"ID_CURM":"000000000","CVEOPERORI":"000000000","CVEGEO":"030033044245A800","CVE_ENT":"03","CVE_MUN":"003","CVE_LOC":"3044","CVE_AGEB":"245A","CVE_MZA":"800","NOMGEO":"San Ramón","PLANO":"N","CVEOPER":"","ID_MZA":"be67f9c5-1fa8-4c17-a57d-cc8d7498c79f"},"geometry":{"type":"MultiPoint","coordinates":[[-110.28235000048154,24.05546805541511]]}},{"type":"Feature","properties":{"ID_CURM":"000000000","CVEOPERORI":"000000000","CVEGEO":"030032790245A800","CVE_ENT":"03","CVE_MUN":"003","CVE_LOC":"2790","CVE_AGEB":"245A","CVE_MZA":"800","NOMGEO":"Los Arados","PLANO":"N","CVEOPER":"","ID_MZA":"db6d8767-c123-4271-876c-05e9dfa9893a"},"geometry":{"type":"MultiPoint","coordinates":[[-110.3625388891114,24.045552777960392]]}},{"type":"Feature","properties":{"ID_CURM":"000000000","CVEOPERORI":"000000000","CVEGEO":"030032051245A800","CVE_ENT":"03","CVE_MUN":"003","CVE_LOC":"2051","CVE_AGEB":"245A","CVE_MZA":"800","NOMGEO":"Los Guayabos","PLANO":"N","CVEOPER":"","ID_MZA":"ddbfd44e-0f3f-4bcf-854a-548be6487e59"},"geometry":{"type":"MultiPoint","coordinates":[[-110.34343888913907,24.098414166449064]]}},{"type":"Feature","properties":{"ID_CURM":"000000000","CVEOPERORI":"000000000","CVEGEO":"030031818245A800","CVE_ENT":"03","CVE_MUN":"003","CVE_LOC":"1818","CVE_AGEB":"245A","CVE_MZA":"800","NOMGEO":"El Estribo","PLANO":"N","CVEOPER":"","ID_MZA":"ecab6c51-b593-4222-954c-976dc7d6206a"},"geometry":{"type":"MultiPoint","coordinates":[[-110.38108888890784,24.089667222548076]]}}]}